,index,Timestamp,Dia_Spline3_Ham,Event
0,7568,875856.254011,16.03009605407715,sitting
1,7569,875856.262175,15.107137918472292,sitting
2,7570,875856.270048,15.196502089500427,sitting
3,7571,875856.277914,15.411599278450012,sitting
4,7572,875856.286049,15.609668016433716,sitting
5,7573,875856.2939309999,15.91590166091919,sitting
6,7574,875856.30212,16.33468532562256,sitting
7,7575,875856.310065,13.995054602622986,sitting
8,7576,875856.318003,8.892039775848389,sitting
9,7577,875856.326073,6.322521924972534,sitting
10,7578,875856.334319,6.319619655609131,sitting
11,7579,875856.341919,6.317286491394043,sitting
12,7580,875856.350714,6.3160083293914795,sitting
13,7581,875856.357963,6.411539435386658,sitting
14,7582,875856.36621,6.53037965297699,sitting
15,7583,875856.37472,6.035458340600199,sitting
16,7584,875856.3821469999,2.7802650068707955,sitting
17,7585,875856.389967,-3.827738198454391,sitting
18,7586,875856.398241,-14.775521613696597,sitting
19,7587,875856.405988,-31.05005557717709,sitting
20,7588,875856.414105,-53.638310427217135,sitting
21,7589,875856.422033,-83.5272565021379,sitting
22,7590,875856.429881,-121.70386414026069,sitting
23,7591,875856.438021,-169.1551036799067,sitting
24,7592,875856.446056,-226.867945459397,sitting
25,7593,875856.454035,-295.8293598170535,sitting
26,7594,875856.461915,-377.0263170911967,sitting
27,7595,875856.470099,-471.44578762014817,sitting
28,7596,875856.479039,-580.0747417422292,sitting
29,7597,875856.486129,-703.9001497957609,sitting
30,7598,875856.493905,-843.9089821190644,sitting
31,7599,875856.502038,-1001.088209050461,sitting
32,7600,875856.510018,-1176.424800928272,sitting
33,7601,875856.521909,-1370.9057280908205,sitting
34,7602,875856.5299729999,-1585.5179608764229,sitting
35,7603,875856.537944,-1821.248469623405,sitting
36,7604,875856.545914,-2079.0842246700868,sitting
37,7605,875856.553983,-2360.012196354788,sitting
38,7606,875856.561845,-2665.019355015833,sitting
39,7607,875856.571125,-2995.0926709915384,sitting
40,7608,875856.578304,-3351.219114620232,sitting
41,7609,875856.585918,-3734.385656240229,sitting
42,7610,875856.5940159999,-4145.579266189854,sitting
43,7611,875856.603652,-4585.786914807424,sitting
44,7612,875856.609995,-5055.995572431268,sitting
45,7613,875856.617962,-5557.1922093997,sitting
46,7614,875856.626111,-6090.363796051044,sitting
47,7615,875856.633818,-6656.497302723617,sitting
48,7616,875856.6420989999,-7256.57969975575,sitting
49,7617,875856.6499279999,-7891.597957485761,sitting
50,7618,875856.658008,-8562.539046251963,sitting
51,7619,875856.666579,-9270.389936392683,sitting
52,7620,875856.674458,-10016.137598246241,sitting
53,7621,875856.683077,-10800.76900215097,sitting
54,7622,875856.690001,-11625.27111844517,sitting
55,7623,875856.698089,-12490.63091746718,sitting
56,7624,875856.706046,-13397.835369555316,sitting
57,7625,875856.7140639999,-14347.871445047887,sitting
58,7626,875856.721975,-15341.726114283229,sitting
59,7627,875856.72986,-16380.38634759967,sitting
60,7628,875856.738132,-17464.839115335504,sitting
61,7629,875856.746055,-18596.071387829063,sitting
62,7630,875856.754453,-19775.07013541869,sitting
63,7631,875856.761939,-21002.822328442693,sitting
64,7632,875856.770427,-22280.314937239382,sitting
65,7633,875856.777881,-23608.534932147086,sitting
66,7634,875856.785885,-24988.46928350412,sitting
67,7635,875856.794056,-26421.10496164883,sitting
68,7636,875856.802028,-27907.428936919518,sitting
69,7637,875856.810361,-29448.428179654475,sitting
70,7638,875856.817968,-31045.089660192083,sitting
71,7639,875856.825817,-32698.400348870637,sitting
72,7640,875856.8340029999,-34409.34721602845,sitting
73,7641,875856.841901,-36178.917232003834,sitting
74,7642,875856.850537,-38008.097367135146,sitting
75,7643,875856.858168,-39897.87459176066,sitting
76,7644,875856.8661,-41849.23587621875,sitting
77,7645,875856.8741659999,-43863.168190847704,sitting
78,7646,875856.882088,-45940.65850598583,sitting
79,7647,875856.889999,-48082.6937919715,sitting
80,7648,875856.900913,-50290.261019142985,sitting
81,7649,875856.9099559999,-52564.347157838594,sitting
82,7650,875856.9192829999,-54905.93917839676,sitting
83,7651,875856.924455,-57316.02405115565,sitting
84,7652,875856.9298929999,-59795.588746453664,sitting
85,7653,875856.938034,-62345.620234629154,sitting
86,7654,875856.945963,-64967.10548602042,sitting
87,7655,875856.954017,-67661.03147096575,sitting
88,7656,875856.961919,-70428.38515980344,sitting
89,7657,875856.970051,-73270.15352287191,sitting
90,7658,875856.977888,-76187.32353050941,sitting
91,7659,875856.985994,-79180.88215305423,sitting
92,7660,875856.998192,-82251.81636084485,sitting
93,7661,875857.005935,-85401.11312421938,sitting
94,7662,875857.014069,-88629.7594135163,sitting
95,7663,875857.021871,-91938.74219907387,sitting
96,7664,875857.0298799999,-95329.04845123034,sitting
97,7665,875857.038009,-98801.66514032416,sitting
98,7666,875857.046035,-102357.57923669365,sitting
99,7667,875857.054076,-105997.77771067698,sitting
100,7668,875857.0619,-109723.24753261259,sitting
101,7669,875857.071304,-113534.97567283886,sitting
102,7670,875857.07787,-117433.94910169396,sitting
103,7671,875857.086071,-121421.1547895163,sitting
104,7672,875857.093896,-125497.57970664414,sitting
105,7673,875857.102221,-129664.2108234159,sitting
106,7674,875857.110053,-133922.03511016985,sitting
107,7675,875857.118034,-138272.0395372443,sitting
108,7676,875857.125903,-142715.21107497756,sitting
109,7677,875857.13413,-147252.53669370804,sitting
110,7678,875857.141888,-151885.00336377387,sitting
111,7679,875857.150055,-156613.59805551352,sitting
112,7680,875857.157894,-161439.30773926526,sitting
113,7681,875857.166093,-166363.11938536755,sitting
114,7682,875857.174019,-171386.01996415854,sitting
115,7683,875857.182023,-176508.99644597655,sitting
116,7684,875857.189977,-181733.03580116003,sitting
117,7685,875857.198135,-187059.12500004726,sitting
118,7686,875857.205985,-192488.2510129765,sitting
119,7687,875857.21425,-198021.40081028605,sitting
120,7688,875857.22194,-203659.56136231433,sitting
121,7689,875857.229941,-209403.71963939967,sitting
122,7690,875857.237923,-215254.86261188012,sitting
123,7691,875857.24589,-221213.97725009453,sitting
124,7692,875857.254675,-227282.05052438081,sitting
125,7693,875857.262061,-233460.06940507714,sitting
126,7694,875857.2699439999,-239749.02086252242,sitting
127,7695,875857.277964,-246149.89186705434,sitting
128,7696,875857.286106,-252663.6693890117,sitting
129,7697,875857.2939459999,-259291.34039873257,sitting
130,7698,875857.301913,-266033.89186655544,sitting
131,7699,875857.309971,-272892.3107628183,sitting
132,7700,875857.318106,-279867.58405786,sitting
133,7701,875857.3260369999,-286960.69872201845,sitting
134,7702,875857.3339559999,-294172.64172563195,sitting
135,7703,875857.341918,-301504.4000390391,sitting
136,7704,875857.350141,-308956.9606325779,sitting
137,7705,875857.358048,-316531.310476587,sitting
138,7706,875857.366115,-324228.43654140446,sitting
139,7707,875857.374092,-332049.32579736866,sitting
140,7708,875857.382048,-339994.96521481825,sitting
141,7709,875857.3900959999,-348066.34176409093,sitting
142,7710,875857.398188,-356264.44241552555,sitting
143,7711,875857.406142,-364590.2541394604,sitting
144,7712,875857.4141159999,-373044.7639062331,sitting
145,7713,875857.422084,-381628.9586861832,sitting
146,7714,875857.431993,-390343.82544964796,sitting
147,7715,875857.439086,-399190.35116696614,sitting
148,7716,875857.445891,-408169.5228084759,sitting
149,7717,875857.45444,-417282.3273445158,sitting
150,7718,875857.465987,-426529.7517454241,sitting
151,7719,875857.474119,-435912.7829815388,sitting
152,7720,875857.483423,-445432.40802319825,sitting
153,7721,875857.491341,-455089.6138407417,sitting
154,7722,875857.498048,-464885.3874045061,sitting
155,7723,875857.50595,-474820.7156848308,sitting
156,7724,875857.513946,-484896.5856520538,sitting
157,7725,875857.524629,-495113.9842765131,sitting
158,7726,875857.531617,-505473.89852854726,sitting
159,7727,875857.538252,-515977.3153784947,sitting
160,7728,875857.545882,-526625.221796694,sitting
161,7729,875857.5539909999,-537418.6047534829,sitting
162,7730,875857.561932,-548358.4512191998,sitting
163,7731,875857.570109,-559445.7481641833,sitting
164,7732,875857.578037,-570681.482558772,sitting
165,7733,875857.586183,-582066.6413733037,sitting
166,7734,875857.59404,-593602.2115781164,sitting
167,7735,875857.601964,-605289.1801435495,sitting
168,7736,875857.610948,-617128.5340399401,sitting
169,7737,875857.618163,-629121.2602376273,sitting
170,7738,875857.625936,-641268.3457069495,sitting
171,7739,875857.63439,-653570.7774182444,sitting
172,7740,875857.641872,-666029.5423418512,sitting
173,7741,875857.650224,-678645.6274481073,sitting
174,7742,875857.659141,-691420.0197073515,sitting
175,7743,875857.666089,-704353.7060899222,sitting
176,7744,875857.673956,-717447.6735661575,sitting
177,7745,875857.6820789999,-730702.9091063959,sitting
178,7746,875857.689976,-744120.3996809756,sitting
179,7747,875857.6979639999,-757701.1322602348,sitting
180,7748,875857.7059449999,-771446.0938145116,sitting
181,7749,875857.714097,-785356.2713141451,sitting
182,7750,875857.721933,-799432.6517294734,sitting
183,7751,875857.730044,-813676.2220308343,sitting
184,7752,875857.738064,-828087.969188567,sitting
185,7753,875857.746451,-842668.8801730087,sitting
186,7754,875857.753893,-857419.9419544977,sitting
187,7755,875857.761968,-872342.1415033734,sitting
188,7756,875857.770049,-887436.4657899747,sitting
189,7757,875857.777916,-902703.9017846375,sitting
190,7758,875857.785927,-918145.436457702,sitting
191,7759,875857.794428,-933762.0567795062,sitting
192,7760,875857.801891,-949554.7497203879,sitting
193,7761,875857.8099539999,-965524.5022506856,sitting
194,7762,875857.8182859999,-981672.3013407381,sitting
195,7763,875857.825937,-997999.1339608831,sitting
196,7764,875857.8340019999,-1014505.9870814595,sitting
197,7765,875857.842616,-1031193.847672805,sitting
198,7766,875857.850047,-1048063.7027052578,sitting
199,7767,875857.857986,-1065116.5391491577,sitting
200,7768,875857.8660169999,-1082353.3439748413,sitting
201,7769,875857.8740129999,-1099775.1041526482,sitting
202,7770,875857.882018,-1117382.8066529157,sitting
203,7771,875857.890752,-1135177.4384459825,sitting
204,7772,875857.898076,-1153159.9865021869,sitting
205,7773,875857.905941,-1171331.4377918679,sitting
206,7774,875857.914126,-1189692.7792853625,sitting
207,7775,875857.922084,-1208244.9979530098,sitting
208,7776,875857.933955,-1226989.080765148,sitting
209,7777,875857.9438659999,-1245926.014692116,sitting
210,7778,875857.9502,-1265056.7867042508,sitting
211,7779,875857.957934,-1284382.3837718926,sitting
212,7780,875857.96606,-1303903.7928653785,sitting
213,7781,875857.974143,-1323622.0009550462,sitting
214,7782,875857.982571,-1343537.9950112347,sitting
215,7783,875857.990225,-1363652.7620042828,sitting
216,7784,875857.998136,-1383967.2889045286,sitting
217,7785,875858.007436,-1404482.5626823097,sitting
218,7786,875858.014131,-1425199.5703079663,sitting
219,7787,875858.022225,-1446119.2987518338,sitting
220,7788,875858.030296,-1467242.7349842526,sitting
221,7789,875858.0380439999,-1488570.865975561,sitting
222,7790,875858.0459649999,-1510104.6786960964,sitting
223,7791,875858.054625,-1531845.1601161975,sitting
224,7792,875858.0619099999,-1553793.2972062035,sitting
225,7793,875858.0700589999,-1575950.0769364513,sitting
226,7794,875858.0779489999,-1598316.4862772794,sitting
227,7795,875858.086093,-1620893.512199027,sitting
228,7796,875858.093824,-1643682.141672033,sitting
229,7797,875858.102067,-1666683.3616666324,sitting
230,7798,875858.109893,-1689898.1591531686,sitting
231,7799,875858.117964,-1713327.5211019749,sitting
232,7800,875858.125945,-1736972.4344833926,sitting
233,7801,875858.134035,-1760833.8862677584,sitting
234,7802,875858.142469,-1784912.8634254131,sitting
235,7803,875858.150052,-1809210.352926692,sitting
236,7804,875858.1579689999,-1833727.3417419367,sitting
237,7805,875858.166095,-1858464.8168414817,sitting
238,7806,875858.173904,-1883423.7651956687,sitting
239,7807,875858.1819879999,-1908605.1737748329,sitting
240,7808,875858.1900289999,-1934010.0295493174,sitting
241,7809,875858.198032,-1959639.319489454,sitting
242,7810,875858.20617,-1985494.0305655864,sitting
243,7811,875858.213962,-2011575.1497480501,sitting
244,7812,875858.221959,-2037883.6640071855,sitting
245,7813,875858.229893,-2064420.560313329,sitting
246,7814,875858.2379749999,-2091186.82563682,sitting
247,7815,875858.245953,-2118183.4469479956,sitting
248,7816,875858.254204,-2145411.411217196,sitting
249,7817,875858.261914,-2172871.705414759,sitting
250,7818,875858.270023,-2200565.31651102,sitting
251,7819,875858.2779089999,-2228493.2314763227,sitting
252,7820,875858.286106,-2256656.4372809995,sitting
253,7821,875858.293925,-2285055.9208953944,sitting
254,7822,875858.30204,-2313692.669289842,sitting
255,7823,875858.309886,-2342567.669434682,sitting
256,7824,875858.318014,-2371681.9083002517,sitting
257,7825,875858.32588,-2401036.3728568903,sitting
258,7826,875858.334036,-2430632.050074935,sitting
259,7827,875858.343121,-2460469.926924726,sitting
260,7828,875858.350165,-2490550.9903766015,sitting
261,7829,875858.360751,-2520876.227400896,sitting
262,7830,875858.3667359999,-2551446.624967955,sitting
263,7831,875858.3738909999,-2582263.1700481116,sitting
264,7832,875858.382037,-2613326.849611703,sitting
265,7833,875858.3898829999,-2644638.6506290706,sitting
266,7834,875858.401922,-2676199.560070553,sitting
267,7835,875858.409967,-2708010.5649064863,sitting
268,7836,875858.417964,-2740072.652107209,sitting
269,7837,875858.4259949999,-2772386.8086430617,sitting
270,7838,875858.434991,-2804954.0214843806,sitting
271,7839,875858.441994,-2837775.2776015038,sitting
272,7840,875858.452231,-2870851.563964772,sitting
273,7841,875858.457953,-2904183.8675445216,sitting
274,7842,875858.4661,-2937773.1753110914,sitting
275,7843,875858.473913,-2971620.4742348213,sitting
276,7844,875858.482002,-3005726.751286044,sitting
277,7845,875858.489906,-3040092.9934351044,sitting
278,7846,875858.497963,-3074720.187652339,sitting
279,7847,875858.506129,-3109609.3209080826,sitting
280,7848,875858.514188,-3144761.380172679,sitting
281,7849,875858.521985,-3180177.3524164623,sitting
282,7850,875858.530074,-3215858.2246097736,sitting
283,7851,875858.538491,-3251804.9837229503,sitting
284,7852,875858.546131,-3288018.6167263268,sitting
285,7853,875858.554161,-3324500.1105902456,sitting
286,7854,875858.562117,-3361250.4522850495,sitting
287,7855,875858.5699219999,-3398270.628781067,sitting
288,7856,875858.578072,-3435561.6270486405,sitting
289,7857,875858.585908,-3473124.434058114,sitting
290,7858,875858.593968,-3510960.036779817,sitting
291,7859,875858.601929,-3549069.422184092,sitting
292,7860,875858.610046,-3587453.5772412764,sitting
293,7861,875858.618027,-3626113.488921712,sitting
294,7862,875858.626082,-3665050.1441957317,sitting
295,7863,875858.633931,-3704264.530033677,sitting
296,7864,875858.642076,-3743757.633405884,sitting
297,7865,875858.650032,-3783530.441282695,sitting
298,7866,875858.658086,-3823583.9406344434,sitting
299,7867,875858.665986,-3863919.118431474,sitting
300,7868,875858.673951,-3904536.9616441177,sitting
301,7869,875858.6819869999,-3945438.4572427142,sitting
302,7870,875858.689967,-3986624.59219761,sitting
303,7871,875858.698105,-4028096.353479132,sitting
304,7872,875858.706081,-4069854.7280576257,sitting
305,7873,875858.714055,-4111900.702903429,sitting
306,7874,875858.722124,-4154235.2649868755,sitting
307,7875,875858.730695,-4196859.401278309,sitting
308,7876,875858.738205,-4239774.0987480655,sitting
309,7877,875858.745905,-4282980.3443664815,sitting
310,7878,875858.7543189999,-4326479.125103901,sitting
311,7879,875858.761927,-4370271.427930655,sitting
312,7880,875858.771795,-4414358.239817087,sitting
313,7881,875858.78215,-4458740.547733533,sitting
314,7882,875858.788618,-4503419.338650334,sitting
315,7883,875858.794507,-4548395.599537822,sitting
316,7884,875858.801947,-4593670.317366342,sitting
317,7885,875858.809965,-4639244.4791062325,sitting
318,7886,875858.817866,-4685119.071727823,sitting
319,7887,875858.825949,-4731295.082201466,sitting
320,7888,875858.833909,-4777773.497497486,sitting
321,7889,875858.842004,-4824555.304586231,sitting
322,7890,875858.849993,-4871641.490438035,sitting
323,7891,875858.8621189999,-4919033.042023235,sitting
324,7892,875858.870034,-4966730.94631217,sitting
325,7893,875858.8778649999,-5014736.190275182,sitting
326,7894,875858.886059,-5063049.760882607,sitting
327,7895,875858.894106,-5111672.645104784,sitting
328,7896,875858.901982,-5160605.829912049,sitting
329,7897,875858.910052,-5209850.302274739,sitting
330,7898,875858.91815,-5259407.0491632,sitting
331,7899,875858.925956,-5309277.057547761,sitting
332,7900,875858.934412,-5359461.314398769,sitting
333,7901,875858.9423989999,-5409960.806686556,sitting
334,7902,875858.950154,-5460776.521381464,sitting
335,7903,875858.957927,-5511909.44545383,sitting
336,7904,875858.967462,-5563360.565873992,sitting
337,7905,875858.974943,-5615130.869612284,sitting
338,7906,875858.982105,-5667221.343639053,sitting
339,7907,875858.990296,-5719632.974924631,sitting
340,7908,875858.998045,-5772366.750439359,sitting
341,7909,875859.005992,-5825423.657153577,sitting
342,7910,875859.014037,-5878804.682037616,sitting
343,7911,875859.022039,-5932510.812061824,sitting
344,7912,875859.030002,-5986543.034196533,sitting
345,7913,875859.038101,-6040902.335412085,sitting
346,7914,875859.045854,-6095589.702678811,sitting
347,7915,875859.054989,-6150606.122967057,sitting
348,7916,875859.0637449999,-6205952.583247162,sitting
349,7917,875859.072921,-6261630.070489453,sitting
350,7918,875859.079796,-6317639.571664285,sitting
351,7919,875859.086039,-6373982.073741984,sitting
352,7920,875859.094167,-6430658.563692896,sitting
353,7921,875859.10203,-6487670.0284873545,sitting
354,7922,875859.109949,-6545017.455095697,sitting
355,7923,875859.118037,-6602701.830488261,sitting
356,7924,875859.125913,-6660724.141635394,sitting
357,7925,875859.134154,-6719085.375507424,sitting
358,7926,875859.142017,-6777786.519074693,sitting
359,7927,875859.14996,-6836828.55930754,sitting
360,7928,875859.1580599999,-6896212.483176302,sitting
361,7929,875859.166226,-6955939.277651317,sitting
362,7930,875859.175013,-7016009.92970293,sitting
363,7931,875859.181914,-7076425.42630147,sitting
364,7932,875859.189935,-7137186.754417278,sitting
365,7933,875859.198153,-7198294.901020698,sitting
366,7934,875859.206095,-7259750.853082059,sitting
367,7935,875859.214422,-7321555.597571701,sitting
368,7936,875859.22214,-7383710.121459974,sitting
369,7937,875859.230114,-7446215.411717206,sitting
370,7938,875859.237996,-7509072.455313727,sitting
371,7939,875859.245949,-7572282.239219893,sitting
372,7940,875859.2541659999,-7635845.750406034,sitting
373,7941,875859.26197,-7699763.975842493,sitting
374,7942,875859.270015,-7764037.9024995975,sitting
375,7943,875859.277963,-7828668.517347699,sitting
376,7944,875859.285989,-7893656.807357127,sitting
377,7945,875859.293973,-7959003.759498214,sitting
378,7946,875859.302048,-8024710.360741315,sitting
379,7947,875859.30998,-8090777.598056756,sitting
380,7948,875859.31797,-8157206.458414886,sitting
381,7949,875859.325973,-8223997.928786034,sitting
382,7950,875859.338132,-8291152.996140543,sitting
383,7951,875859.345872,-8358672.647448743,sitting
384,7952,875859.354425,-8426557.86968098,sitting
385,7953,875859.361909,-8494809.64980759,sitting
386,7954,875859.369975,-8563428.974798912,sitting
387,7955,875859.377898,-8632416.83162529,sitting
388,7956,875859.385928,-8701774.207257051,sitting
389,7957,875859.393941,-8771502.088664543,sitting
390,7958,875859.401912,-8841601.462818097,sitting
391,7959,875859.410027,-8912073.316688057,sitting
392,7960,875859.417945,-8982918.637244755,sitting
393,7961,875859.426054,-9054138.41145854,sitting
394,7962,875859.43397,-9125733.626299743,sitting
395,7963,875859.441951,-9197705.268738698,sitting
396,7964,875859.4498749999,-9270054.325745752,sitting
397,7965,875859.457941,-9342781.784291238,sitting
398,7966,875859.4660959999,-9415888.631345496,sitting
399,7967,875859.473868,-9489375.853878865,sitting
400,7968,875859.482115,-9563244.438861687,sitting
401,7969,875859.48992,-9637495.373264287,sitting
402,7970,875859.498074,-9712129.644057019,sitting
403,7971,875859.50591,-9787148.238210209,sitting
404,7972,875859.51411,-9862552.14269421,sitting
405,7973,875859.522012,-9938342.34447934,sitting
406,7974,875859.529998,-10014519.830535954,sitting
407,7975,875859.538008,-10091085.587834388,sitting
408,7976,875859.545972,-10168040.603344968,sitting
409,7977,875859.553974,-10245385.864038052,sitting
410,7978,875859.562023,-10323122.356883964,sitting
411,7979,875859.5699069999,-10401251.068853043,sitting
412,7980,875859.577945,-10479772.986915637,sitting
413,7981,875859.585919,-10558689.098042073,sitting
414,7982,875859.593998,-10638000.389202688,sitting
415,7983,875859.6019979999,-10717707.847367838,sitting
416,7984,875859.6099319999,-10797812.459507845,sitting
417,7985,875859.61809,-10878315.21259306,sitting
418,7986,875859.626124,-10959217.093593802,sitting
419,7987,875859.6339649999,-11040519.089480422,sitting
420,7988,875859.641869,-11122222.18722326,sitting
421,7989,875859.6500349999,-11204327.373792652,sitting
422,7990,875859.658008,-11286835.636158936,sitting
423,7991,875859.666181,-11369747.961292446,sitting
424,7992,875859.674076,-11453065.336163528,sitting
425,7993,875859.682096,-11536788.747742515,sitting
426,7994,875859.689868,-11620919.182999745,sitting
427,7995,875859.698037,-11705457.628905565,sitting
428,7996,875859.7060209999,-11790405.072430301,sitting
429,7997,875859.714085,-11875762.500544302,sitting
430,7998,875859.7220589999,-11961530.90021789,sitting
431,7999,875859.729922,-12047711.258421429,sitting
432,8000,875859.737926,-12134304.562125228,sitting
433,8001,875859.745992,-12221311.798299655,sitting
434,8002,875859.753995,-12308733.953915026,sitting
435,8003,875859.76188,-12396572.015941687,sitting
436,8004,875859.770831,-12484826.97134998,sitting
437,8005,875859.778055,-12573499.807110239,sitting
438,8006,875859.789968,-12662591.510192793,sitting
439,8007,875859.798165,-12752103.067568004,sitting
440,8008,875859.80597,-12842035.466206186,sitting
441,8009,875859.814129,-12932389.693077698,sitting
442,8010,875859.821982,-13023166.735152856,sitting
443,8011,875859.830056,-13114367.57940201,sitting
444,8012,875859.837982,-13205993.212795515,sitting
445,8013,875859.845906,-13298044.62230368,sitting
446,8014,875859.854161,-13390522.794896863,sitting
447,8015,875859.86191,-13483428.717545394,sitting
448,8016,875859.869965,-13576763.377219606,sitting
449,8017,875859.877908,-13670527.760889854,sitting
450,8018,875859.886057,-13764722.855526466,sitting
451,8019,875859.894006,-13859349.648099773,sitting
452,8020,875859.903546,-13954409.125580128,sitting
453,8021,875859.9105529999,-14049902.274937857,sitting
454,8022,875859.918094,-14145830.083143312,sitting
455,8023,875859.925989,-14242193.537166815,sitting
456,8024,875859.933939,-14338993.62397872,sitting
457,8025,875859.941838,-14436231.330549352,sitting
458,8026,875859.95007,-14533907.643849067,sitting
459,8027,875859.958007,-14632023.550848179,sitting
460,8028,875859.966033,-14730580.038517036,sitting
461,8029,875859.97392,-14829578.093825992,sitting
462,8030,875859.981985,-14929018.703745365,sitting
463,8031,875859.990477,-15028902.855245505,sitting
464,8032,875859.998473,-15129231.535296734,sitting
465,8033,875860.006243,-15230005.73086942,sitting
466,8034,875860.0140729999,-15331226.42893387,sitting
467,8035,875860.022768,-15432894.616460443,sitting
468,8036,875860.030414,-15535011.280419465,sitting
469,8037,875860.0380449999,-15637577.407781295,sitting
470,8038,875860.045891,-15740593.985516239,sitting
471,8039,875860.05402,-15844062.00059466,sitting
472,8040,875860.061913,-15947982.439986877,sitting
473,8041,875860.0699219999,-16052356.290663261,sitting
474,8042,875860.078007,-16157184.539594114,sitting
475,8043,875860.085971,-16262468.1737498,sitting
476,8044,875860.093947,-16368208.180100638,sitting
477,8045,875860.1021,-16474405.545616973,sitting
478,8046,875860.110086,-16581061.257269159,sitting
479,8047,875860.118149,-16688176.302027501,sitting
480,8048,875860.126471,-16795751.666862383,sitting
481,8049,875860.134142,-16903788.338744104,sitting
482,8050,875860.141988,-17012287.304643005,sitting
483,8051,875860.149992,-17121249.551529452,sitting
484,8052,875860.157851,-17230676.066373765,sitting
485,8053,875860.1661179999,-17340567.83614628,sitting
486,8054,875860.173901,-17450925.847817343,sitting
487,8055,875860.18198,-17561751.088357277,sitting
488,8056,875860.189974,-17673044.544736445,sitting
489,8057,875860.198065,-17784807.203925163,sitting
490,8058,875860.205959,-17897040.05289379,sitting
491,8059,875860.214022,-18009744.078612648,sitting
492,8060,875860.222015,-18122920.26805208,sitting
493,8061,875860.229952,-18236569.608182415,sitting
494,8062,875860.238022,-18350693.08597401,sitting
495,8063,875860.246115,-18465291.688397195,sitting
496,8064,875860.2579,-18580366.402422298,sitting
497,8065,875860.266041,-18695918.215019684,sitting
498,8066,875860.273985,-18811948.11315966,sitting
499,8067,875860.282049,-18928457.083812583,sitting
500,8068,875860.290012,-19045446.11394879,sitting
501,8069,875860.298157,-19162916.190538608,sitting
502,8070,875860.306044,-19280868.300552383,sitting
503,8071,875860.314053,-19399303.430960465,sitting
504,8072,875860.3221239999,-19518222.568733167,sitting
505,8073,875860.329934,-19637626.700840846,sitting
506,8074,875860.338075,-19757516.814253844,sitting
507,8075,875860.345907,-19877893.895942487,sitting
508,8076,875860.35424,-19998758.93287711,sitting
509,8077,875860.362312,-20120112.912028063,sitting
510,8078,875860.3700219999,-20241956.820365686,sitting
511,8079,875860.378099,-20364291.644860305,sitting
512,8080,875860.385946,-20487118.372482277,sitting
513,8081,875860.393912,-20610437.990201905,sitting
514,8082,875860.401923,-20734251.48498956,sitting
515,8083,875860.40989,-20858559.843815576,sitting
516,8084,875860.417946,-20983364.053650282,sitting
517,8085,875860.426043,-21108665.101464022,sitting
518,8086,875860.434014,-21234463.974227134,sitting
519,8087,875860.441829,-21360761.658909947,sitting
520,8088,875860.4499509999,-21487559.142482817,sitting
521,8089,875860.457914,-21614857.41191607,sitting
522,8090,875860.465971,-21742657.454180047,sitting
523,8091,875860.473937,-21870960.256245077,sitting
524,8092,875860.481995,-21999766.805081517,sitting
525,8093,875860.489989,-22129078.087659694,sitting
526,8094,875860.498016,-22258895.090949953,sitting
527,8095,875860.505977,-22389218.80192262,sitting
528,8096,875860.513948,-22520050.207548037,sitting
529,8097,875860.521929,-22651390.29479655,sitting
530,8098,875860.5298809999,-22783240.050638497,sitting
531,8099,875860.537894,-22915600.46204421,sitting
532,8100,875860.54605,-23048472.515984036,sitting
533,8101,875860.553921,-23181857.199428305,sitting
534,8102,875860.562097,-23315755.499347344,sitting
535,8103,875860.569973,-23450168.40271151,sitting
536,8104,875860.57785,-23585096.896491148,sitting
537,8105,875860.586053,-23720541.967656583,sitting
538,8106,875860.594171,-23856504.60317816,sitting
539,8107,875860.6019979999,-23992985.790026203,sitting
540,8108,875860.609974,-24129986.515171066,sitting
541,8109,875860.618001,-24267507.765583053,sitting
542,8110,875860.626012,-24405550.528232567,sitting
543,8111,875860.633838,-24544115.79008989,sitting
544,8112,875860.64196,-24683204.53812539,sitting
545,8113,875860.649961,-24822817.75930938,sitting
546,8114,875860.658035,-24962956.44061221,sitting
547,8115,875860.666172,-25103621.569004245,sitting
548,8116,875860.673902,-25244814.131455794,sitting
549,8117,875860.682006,-25386535.11493721,sitting
550,8118,875860.690034,-25528785.5064188,sitting
551,8119,875860.6980259999,-25671566.29287094,sitting
552,8120,875860.705935,-25814878.46126394,sitting
553,8121,875860.714029,-25958722.99856817,sitting
554,8122,875860.72194,-26103100.89175394,sitting
555,8123,875860.729961,-26248013.12779159,sitting
556,8124,875860.741942,-26393460.69365146,sitting
557,8125,875860.750135,-26539444.576303937,sitting
558,8126,875860.759108,-26685965.76271928,sitting
559,8127,875860.76612,-26833025.23986788,sitting
560,8128,875860.774105,-26980623.99472005,sitting
561,8129,875860.782136,-27128763.01424615,sitting
562,8130,875860.790872,-27277443.285416506,sitting
563,8131,875860.798025,-27426665.79520145,sitting
564,8132,875860.806088,-27576431.530571327,sitting
565,8133,875860.814118,-27726741.47849647,sitting
566,8134,875860.824131,-27877596.625947244,sitting
567,8135,875860.8313109999,-28028997.959893964,sitting
568,8136,875860.83904,-28180946.46730695,sitting
569,8137,875860.845904,-28333443.135156557,sitting
570,8138,875860.854131,-28486488.950413153,sitting
571,8139,875860.861977,-28640084.90004704,sitting
572,8140,875860.870095,-28794231.971028566,sitting
573,8141,875860.878032,-28948931.150328062,sitting
574,8142,875860.885991,-29104183.424915887,sitting
575,8143,875860.893943,-29259989.78176237,sitting
576,8144,875860.9019449999,-29416351.207837828,sitting
577,8145,875860.909955,-29573268.69011265,sitting
578,8146,875860.917963,-29730743.2155571,sitting
579,8147,875860.925822,-29888775.77114158,sitting
580,8148,875860.934099,-30047367.34383641,sitting
581,8149,875860.941928,-30206518.920611925,sitting
582,8150,875860.9501359999,-30366231.488438442,sitting
583,8151,875860.958761,-30526506.03428635,sitting
584,8152,875860.967627,-30687343.545125924,sitting
585,8153,875860.973994,-30848745.007927544,sitting
586,8154,875860.982096,-31010711.409661584,sitting
587,8155,875860.989943,-31173243.737298287,sitting
588,8156,875860.998093,-31336342.977808073,sitting
589,8157,875861.005972,-31500010.11816124,sitting
590,8158,875861.01414,-31664246.14532815,sitting
591,8159,875861.022075,-31829052.046279088,sitting
592,8160,875861.029963,-31994428.807984464,sitting
593,8161,875861.038016,-32160377.417414576,sitting
594,8162,875861.045911,-32326898.861539774,sitting
595,8163,875861.054003,-32493994.127330408,sitting
596,8164,875861.062533,-32661664.201756783,sitting
597,8165,875861.070596,-32829910.071789272,sitting
598,8166,875861.077969,-32998732.724398173,sitting
599,8167,875861.086088,-33168133.146553844,sitting
600,8168,875861.09532,-33338112.325226657,sitting
601,8169,875861.106549,-33508671.24738691,sitting
602,8170,875861.1140749999,-33679810.90000496,sitting
603,8171,875861.119141,-33851532.27005113,sitting
604,8172,875861.127725,-34023836.34449578,sitting
605,8173,875861.134087,-34196724.11030921,sitting
606,8174,875861.141902,-34370196.55446178,sitting
607,8175,875861.149995,-34544254.663923845,sitting
608,8176,875861.1579379999,-34718899.42566572,sitting
609,8177,875861.16589,-34894131.826657765,sitting
610,8178,875861.173881,-35069952.8538703,sitting
611,8179,875861.182138,-35246363.49427368,sitting
612,8180,875861.189943,-35423364.734838225,sitting
613,8181,875861.198122,-35600957.56253429,sitting
614,8182,875861.209911,-35779142.9643322,sitting
615,8183,875861.217879,-35957921.92720228,sitting
616,8184,875861.226011,-36137295.4381149,sitting
617,8185,875861.235736,-36317264.48404039,sitting
618,8186,875861.241929,-36497830.05194907,sitting
619,8187,875861.250331,-36678993.12881129,sitting
620,8188,875861.258052,-36860754.70159741,sitting
621,8189,875861.265972,-37043115.75727772,sitting
622,8190,875861.27413,-37226077.2828226,sitting
623,8191,875861.282351,-37409640.26520239,sitting
624,8192,875861.29006,-37593805.691387385,sitting
625,8193,875861.297935,-37778574.54834796,sitting
626,8194,875861.306286,-37963947.823054455,sitting
627,8195,875861.313987,-38149926.50247717,sitting
628,8196,875861.322631,-38336511.573586494,sitting
629,8197,875861.329919,-38523704.02335274,sitting
630,8198,875861.3380079999,-38711504.838746265,sitting
631,8199,875861.346496,-38899915.00673736,sitting
632,8200,875861.353982,-39088935.51429641,sitting
633,8201,875861.36187,-39278567.34839374,sitting
634,8202,875861.371426,-39468811.495999694,sitting
635,8203,875861.377945,-39659668.94408458,sitting
636,8204,875861.386038,-39851140.67961875,sitting
637,8205,875861.393855,-40043227.68957255,sitting
638,8206,875861.4019139999,-40235930.96091636,sitting
639,8207,875861.409943,-40429251.48062045,sitting
640,8208,875861.417898,-40623190.23565521,sitting
641,8209,875861.426553,-40817748.212990925,sitting
642,8210,875861.433904,-41012926.39959796,sitting
643,8211,875861.44203,-41208725.78244666,sitting
644,8212,875861.449971,-41405147.34850738,sitting
645,8213,875861.458034,-41602192.08475042,sitting
646,8214,875861.466859,-41799860.978146136,sitting
647,8215,875861.47395,-41998155.015664876,sitting
648,8216,875861.482062,-42197075.18427695,sitting
649,8217,875861.49001,-42396622.47095272,sitting
650,8218,875861.497919,-42596797.86266255,sitting
651,8219,875861.505998,-42797602.3463767,sitting
652,8220,875861.514,-42999036.909065574,sitting
653,8221,875861.521888,-43201102.537699506,sitting
654,8222,875861.529894,-43403800.21924882,sitting
655,8223,875861.537992,-43607130.94068381,sitting
656,8224,875861.54585,-43811095.68897493,sitting
657,8225,875861.553886,-44015695.45109239,sitting
658,8226,875861.562019,-44220931.21400659,sitting
659,8227,875861.569919,-44426803.9646879,sitting
660,8228,875861.577848,-44633314.6901066,sitting
661,8229,875861.586122,-44840464.37723307,sitting
662,8230,875861.593908,-45048254.01303761,sitting
663,8231,875861.601901,-45256684.58449055,sitting
664,8232,875861.609954,-45465757.07856229,sitting
665,8233,875861.617822,-45675472.48222314,sitting
666,8234,875861.6260469999,-45885831.78244342,sitting
667,8235,875861.633918,-46096835.96619347,sitting
668,8236,875861.642002,-46308486.02044365,sitting
669,8237,875861.650021,-46520782.93216428,sitting
670,8238,875861.657971,-46733727.6883257,sitting
671,8239,875861.666,-46947321.27589829,sitting
672,8240,875861.67796,-47161564.68185231,sitting
673,8241,875861.685934,-47376458.89315817,sitting
674,8242,875861.69398,-47592004.89678617,sitting
675,8243,875861.701975,-47808203.67970662,sitting
676,8244,875861.709891,-48025056.22888994,sitting
677,8245,875861.717964,-48242563.531306416,sitting
678,8246,875861.725935,-48460726.57392639,sitting
679,8247,875861.733978,-48679546.34372023,sitting
680,8248,875861.742091,-48899023.827658206,sitting
681,8249,875861.750049,-49119160.012710705,sitting
682,8250,875861.757996,-49339955.88584809,sitting
683,8251,875861.7660299999,-49561412.43404062,sitting
684,8252,875861.773992,-49783530.64425872,sitting
685,8253,875861.782004,-50006311.503472686,sitting
686,8254,875861.789912,-50229755.998652846,sitting
687,8255,875861.79799,-50453865.11676958,sitting
688,8256,875861.806077,-50678639.84479317,sitting
689,8257,875861.814053,-50904081.16969401,sitting
690,8258,875861.822099,-51130190.07844238,sitting
691,8259,875861.8298439999,-51356967.55800867,sitting
692,8260,875861.837982,-51584414.595363185,sitting
693,8261,875861.84597,-51812532.17747629,sitting
694,8262,875861.85655,-52041321.29131831,sitting
695,8263,875861.863001,-52270782.92385961,sitting
696,8264,875861.869979,-52500918.06207043,sitting
697,8265,875861.878331,-52731727.69292122,sitting
698,8266,875861.886134,-52963212.80338228,sitting
699,8267,875861.894246,-53195374.38042393,sitting
700,8268,875861.902126,-53428213.41101657,sitting
701,8269,875861.909928,-53661730.88213046,sitting
702,8270,875861.918035,-53895927.780735984,sitting
703,8271,875861.925975,-54130805.09380345,sitting
704,8272,875861.934003,-54366363.80830324,sitting
705,8273,875861.9420169999,-54602604.91120565,sitting
706,8274,875861.9501349999,-54839529.38948102,sitting
707,8275,875861.957888,-55077138.23009972,sitting
708,8276,875861.9659439999,-55315432.42003204,sitting
709,8277,875861.973936,-55554412.94624841,sitting
710,8278,875861.982215,-55794080.79571909,sitting
711,8279,875861.991182,-56034436.955414444,sitting
712,8280,875861.998015,-56275482.412304744,sitting
713,8281,875862.005951,-56517218.153360456,sitting
714,8282,875862.0141019999,-56759645.16555181,sitting
715,8283,875862.021957,-57002764.435849205,sitting
716,8284,875862.029917,-57246576.951222956,sitting
717,8285,875862.03802,-57491083.698643416,sitting
718,8286,875862.0458729999,-57736285.66508086,sitting
719,8287,875862.054057,-57982183.8375057,sitting
720,8288,875862.0619719999,-58228779.20288822,sitting
721,8289,875862.071293,-58476072.74819888,sitting
722,8290,875862.078205,-58724065.46040787,sitting
723,8291,875862.086088,-58972758.326485544,sitting
724,8292,875862.094054,-59222152.333402365,sitting
725,8293,875862.102431,-59472248.46812855,sitting
726,8294,875862.109951,-59723047.71763453,sitting
727,8295,875862.118101,-59974551.06889051,sitting
728,8296,875862.126033,-60226759.508866936,sitting
729,8297,875862.138001,-60479674.024534106,sitting
730,8298,875862.1460749999,-60733295.60286239,sitting
731,8299,875862.154324,-60987625.230822116,sitting
732,8300,875862.162028,-61242663.89538358,sitting
733,8301,875862.169877,-61498412.583517194,sitting
734,8302,875862.178002,-61754872.28219323,sitting
735,8303,875862.186015,-62012043.978382066,sitting
736,8304,875862.193941,-62269928.65905404,sitting
737,8305,875862.20207,-62528527.31117946,sitting
738,8306,875862.209921,-62787840.92172864,sitting
739,8307,875862.2179009999,-63047870.477671996,sitting
740,8308,875862.225847,-63308616.965979844,sitting
741,8309,875862.234124,-63570081.37362252,sitting
742,8310,875862.241958,-63832264.68757029,sitting
743,8311,875862.250045,-64095167.894793615,sitting
744,8312,875862.258027,-64358791.9822627,sitting
745,8313,875862.266063,-64623137.93694802,sitting
746,8314,875862.273968,-64888206.74581985,sitting
747,8315,875862.281889,-65153999.39584848,sitting
748,8316,875862.289961,-65420516.87400435,sitting
749,8317,875862.298176,-65687760.1672577,sitting
750,8318,875862.305985,-65955730.26257889,sitting
751,8319,875862.313904,-66224428.14693834,sitting
752,8320,875862.322015,-66493854.80730632,sitting
753,8321,875862.330112,-66764011.23065314,sitting
754,8322,875862.3379309999,-67034898.403949186,sitting
755,8323,875862.345972,-67306517.3141648,sitting
756,8324,875862.354324,-67578868.94827026,sitting
757,8325,875862.3619189999,-67851954.293236,sitting
758,8326,875862.369945,-68125774.33603226,sitting
759,8327,875862.378083,-68400330.0636295,sitting
760,8328,875862.386279,-68675622.46299791,sitting
761,8329,875862.393951,-68951652.52110796,sitting
762,8330,875862.401858,-69228421.22492988,sitting
763,8331,875862.409986,-69505929.56143409,sitting
764,8332,875862.4179989999,-69784178.51759088,sitting
765,8333,875862.425894,-70063169.0803706,sitting
766,8334,875862.433939,-70342902.23674361,sitting
767,8335,875862.441932,-70623378.97368026,sitting
768,8336,875862.450046,-70904600.27815084,sitting
769,8337,875862.458066,-71186567.1371257,sitting
770,8338,875862.46731,-71469280.53757519,sitting
771,8339,875862.474388,-71752741.46646965,sitting
772,8340,875862.482079,-72036950.91077939,sitting
773,8341,875862.489973,-72321909.85747479,sitting
774,8342,875862.498116,-72607619.2935262,sitting
775,8343,875862.50614,-72894080.20590389,sitting
776,8344,875862.51417,-73181293.58157822,sitting
777,8345,875862.523652,-73469260.40751958,sitting
778,8346,875862.52999,-73757981.67069827,sitting
779,8347,875862.538128,-74047458.35808462,sitting
780,8348,875862.546064,-74337691.456649,sitting
781,8349,875862.554017,-74628681.95336176,sitting
782,8350,875862.562031,-74920430.83519314,sitting
783,8351,875862.569976,-75212939.08911356,sitting
784,8352,875862.577965,-75506207.7020934,sitting
785,8353,875862.585909,-75800237.66110289,sitting
786,8354,875862.598055,-76095029.95311245,sitting
787,8355,875862.606099,-76390585.56509234,sitting
788,8356,875862.614224,-76686905.48401299,sitting
789,8357,875862.622024,-76983990.6968447,sitting
790,8358,875862.630173,-77281842.19055773,sitting
791,8359,875862.638259,-77580460.9521226,sitting
792,8360,875862.645913,-77879847.96850947,sitting
793,8361,875862.654081,-78180004.22668873,sitting
794,8362,875862.661952,-78480930.71363081,sitting
795,8363,875862.670029,-78782628.41630593,sitting
796,8364,875862.677889,-79085098.32168446,sitting
797,8365,875862.686108,-79388341.41673683,sitting
798,8366,875862.693871,-79692358.68843324,sitting
799,8367,875862.701996,-79997151.12374406,sitting
800,8368,875862.709931,-80302719.70963974,sitting
801,8369,875862.717996,-80609065.4330905,sitting
802,8370,875862.726068,-80916189.28106664,sitting
803,8371,875862.733968,-81224092.24053869,sitting
804,8372,875862.741991,-81532775.2984768,sitting
805,8373,875862.750016,-81842239.44185139,sitting
806,8374,875862.757919,-82152485.65763278,sitting
807,8375,875862.766034,-82463514.93279137,sitting
808,8376,875862.77391,-82775328.25429738,sitting
809,8377,875862.7820669999,-83087926.60912122,sitting
810,8378,875862.78993,-83401310.98423326,sitting
811,8379,875862.798125,-83715482.3666037,sitting
812,8380,875862.80603,-84030441.7432031,sitting
813,8381,875862.814047,-84346190.10100162,sitting
814,8382,875862.8218789999,-84662728.42696965,sitting
815,8383,875862.829955,-84980057.70807756,sitting
816,8384,875862.838016,-85298178.93129566,sitting
817,8385,875862.845939,-85617093.08359423,sitting
818,8386,875862.853993,-85936801.15194374,sitting
819,8387,875862.8618739999,-86257304.12331441,sitting
820,8388,875862.870738,-86578602.98467663,sitting
821,8389,875862.878029,-86900698.72300076,sitting
822,8390,875862.885932,-87223592.32525706,sitting
823,8391,875862.893951,-87547284.77841592,sitting
824,8392,875862.90231,-87871777.06944773,sitting
825,8393,875862.909923,-88197070.18532273,sitting
826,8394,875862.918339,-88523165.11301139,sitting
827,8395,875862.926064,-88850062.83948383,sitting
828,8396,875862.934145,-89177764.35171059,sitting
829,8397,875862.942037,-89506270.63666192,sitting
830,8398,875862.950052,-89835582.68130821,sitting
831,8399,875862.957916,-90165701.47261974,sitting
832,8400,875862.966103,-90496627.99756685,sitting
833,8401,875862.9739859999,-90828363.24311993,sitting
834,8402,875862.982054,-91160908.1962493,sitting
835,8403,875862.9899009999,-91494263.84392524,sitting
836,8404,875862.998112,-91828431.17311823,sitting
837,8405,875863.006055,-92163411.17079845,sitting
838,8406,875863.0176199999,-92499204.82393625,sitting
839,8407,875863.025534,-92835813.11950213,sitting
840,8408,875863.032233,-93173237.04446626,sitting
841,8409,875863.038679,-93511477.58579907,sitting
842,8410,875863.045929,-93850535.73047084,sitting
843,8411,875863.054134,-94190412.46545193,sitting
844,8412,875863.066045,-94531108.77771267,sitting
845,8413,875863.073898,-94872625.65422347,sitting
846,8414,875863.082683,-95214964.0819546,sitting
847,8415,875863.089913,-95558125.04787636,sitting
848,8416,875863.0979449999,-95902109.5389592,sitting
849,8417,875863.105976,-96246918.5421733,sitting
850,8418,875863.114033,-96592553.04448915,sitting
851,8419,875863.121943,-96939014.03287709,sitting
852,8420,875863.130498,-97286302.49430731,sitting
853,8421,875863.1379709999,-97634419.41575024,sitting
854,8422,875863.145948,-97983365.78417629,sitting
855,8423,875863.154149,-98333142.58655569,sitting
856,8424,875863.161935,-98683750.80985874,sitting
857,8425,875863.169962,-99035191.44105595,sitting
858,8426,875863.177976,-99387465.46711752,sitting
859,8427,875863.1858549999,-99740573.87501389,sitting
860,8428,875863.194429,-100094517.65171525,sitting
861,8429,875863.202028,-100449297.78419206,sitting
862,8430,875863.209866,-100804915.25941455,sitting
863,8431,875863.218013,-101161371.06435323,sitting
864,8432,875863.225871,-101518666.1859783,sitting
865,8433,875863.233857,-101876801.61126015,sitting
866,8434,875863.2421789999,-102235778.32716915,sitting
867,8435,875863.250044,-102595597.32067552,sitting
868,8436,875863.259415,-102956259.57874969,sitting
869,8437,875863.266027,-103317766.08836201,sitting
870,8438,875863.273915,-103680117.83648276,sitting
871,8439,875863.281994,-104043315.81008232,sitting
872,8440,875863.289962,-104407360.996131,sitting
873,8441,875863.2980749999,-104772254.38159919,sitting
874,8442,875863.306038,-105137996.95345718,sitting
875,8443,875863.314061,-105504589.6986753,sitting
876,8444,875863.321886,-105872033.60422394,sitting
877,8445,875863.3298899999,-106240329.65707335,sitting
878,8446,875863.338103,-106609478.844194,sitting
879,8447,875863.345963,-106979482.15255612,sitting
880,8448,875863.3540459999,-107350340.56913012,sitting
881,8449,875863.361963,-107722055.08088624,sitting
882,8450,875863.369975,-108094626.67479485,sitting
883,8451,875863.377864,-108468056.3378264,sitting
884,8452,875863.385944,-108842345.05695114,sitting
885,8453,875863.393984,-109217493.81913939,sitting
886,8454,875863.401934,-109593503.6113615,sitting
887,8455,875863.409949,-109970375.42058781,sitting
888,8456,875863.417977,-110348110.23378879,sitting
889,8457,875863.425901,-110726709.03793451,sitting
890,8458,875863.4339909999,-111106172.81999558,sitting
891,8459,875863.442084,-111486502.56694216,sitting
892,8460,875863.450368,-111867699.26574457,sitting
893,8461,875863.457906,-112249763.90337327,sitting
894,8462,875863.466113,-112632697.4667986,sitting
895,8463,875863.474101,-113016500.94299075,sitting
896,8464,875863.481927,-113401175.3189202,sitting
897,8465,875863.490181,-113786721.58155724,sitting
898,8466,875863.498015,-114173140.7178722,sitting
899,8467,875863.506087,-114560433.71483561,sitting
900,8468,875863.514185,-114948601.55941746,sitting
901,8469,875863.521935,-115337645.23858821,sitting
902,8470,875863.5341149999,-115727565.73931831,sitting
903,8471,875863.542014,-116118364.04857796,sitting
904,8472,875863.550159,-116510041.15333778,sitting
905,8473,875863.558769,-116902598.04056776,sitting
906,8474,875863.5659919999,-117296035.69723833,sitting
907,8475,875863.574006,-117690355.11031997,sitting
908,8476,875863.582113,-118085557.26678285,sitting
909,8477,875863.59,-118481643.15359747,sitting
910,8478,875863.598169,-118878613.75773403,sitting
911,8479,875863.605976,-119276470.06616291,sitting
912,8480,875863.614067,-119675213.06585458,sitting
913,8481,875863.6237,-120074843.74377906,sitting
914,8482,875863.633242,-120475363.086907,sitting
915,8483,875863.643767,-120876772.0822086,sitting
916,8484,875863.650658,-121279071.71665424,sitting
917,8485,875863.6574189999,-121682262.97721425,sitting
918,8486,875863.663311,-122086346.85085896,sitting
919,8487,875863.67021,-122491324.32455868,sitting
920,8488,875863.677908,-122897196.38528371,sitting
921,8489,875863.68611,-123303964.0200046,sitting
922,8490,875863.693905,-123711628.21569139,sitting
923,8491,875863.702096,-124120189.95931464,sitting
924,8492,875863.709962,-124529650.2378447,sitting
925,8493,875863.718017,-124940010.03825167,sitting
926,8494,875863.725861,-125351270.34750623,sitting
927,8495,875863.734194,-125763432.15257835,sitting
928,8496,875863.742019,-126176496.44043863,sitting
929,8497,875863.750001,-126590464.19805738,sitting
930,8498,875863.757883,-127005336.41240487,sitting
931,8499,875863.7660899999,-127421114.07045138,sitting
932,8500,875863.774007,-127837798.15916744,sitting
933,8501,875863.782103,-128255389.66552317,sitting
934,8502,875863.789962,-128673889.57648906,sitting
935,8503,875863.797984,-129093298.87903544,sitting
936,8504,875863.80603,-129513618.56013253,sitting
937,8505,875863.8141579999,-129934849.60675079,sitting
938,8506,875863.821954,-130356993.00586051,sitting
939,8507,875863.829878,-130780049.74443206,sitting
940,8508,875863.838012,-131204020.80943564,sitting
941,8509,875863.846088,-131628907.18784192,sitting
942,8510,875863.8546119999,-132054709.86662084,sitting
943,8511,875863.86208,-132481429.8327429,sitting
944,8512,875863.870043,-132909068.07317859,sitting
945,8513,875863.877923,-133337625.57489794,sitting
946,8514,875863.886087,-133767103.3248716,sitting
947,8515,875863.893836,-134197502.31006974,sitting
948,8516,875863.902049,-134628823.51746273,sitting
949,8517,875863.909907,-135061067.93402082,sitting
950,8518,875863.918051,-135494236.5467146,sitting
951,8519,875863.925891,-135928330.3425141,sitting
952,8520,875863.934101,-136363350.30838993,sitting
953,8521,875863.941958,-136799297.43131214,sitting
954,8522,875863.9501509999,-137236172.6982513,sitting
955,8523,875863.957939,-137673977.0961777,sitting
956,8524,875863.966061,-138112711.6120617,sitting
957,8525,875863.973983,-138552377.2328735,sitting
958,8526,875863.982006,-138992974.9455836,sitting
959,8527,875863.989911,-139434505.73716223,sitting
960,8528,875864.001955,-139876970.59457976,sitting
961,8529,875864.009847,-140320370.5048066,sitting
962,8530,875864.017943,-140764706.45481294,sitting
963,8531,875864.025918,-141209979.43156934,sitting
964,8532,875864.03396,-141656190.4220459,sitting
965,8533,875864.041971,-142103340.413213,sitting
966,8534,875864.049932,-142551430.3920411,sitting
967,8535,875864.058022,-143000461.34550053,sitting
968,8536,875864.066037,-143450434.26056156,sitting
969,8537,875864.073948,-143901350.12419447,sitting
970,8538,875864.082537,-144353209.92336968,sitting
971,8539,875864.089939,-144806014.64505768,sitting
972,8540,875864.098242,-145259765.2762285,sitting
973,8541,875864.105945,-145714462.80385256,sitting
974,8542,875864.11408,-146170108.21490046,sitting
975,8543,875864.121976,-146626702.49634212,sitting
976,8544,875864.129833,-147084246.63514826,sitting
977,8545,875864.138059,-147542741.61828914,sitting
978,8546,875864.1459,-148002188.43273482,sitting
979,8547,875864.154737,-148462588.06545594,sitting
980,8548,875864.161857,-148923941.50342262,sitting
981,8549,875864.169951,-149386249.7336054,sitting
982,8550,875864.177947,-149849513.7429746,sitting
983,8551,875864.186219,-150313734.51850042,sitting
984,8552,875864.193911,-150778913.04715323,sitting
985,8553,875864.201957,-151245050.3159035,sitting
986,8554,875864.209891,-151712147.31172138,sitting
987,8555,875864.21794,-152180205.0215774,sitting
988,8556,875864.226001,-152649224.43244168,sitting
989,8557,875864.23394,-153119206.53128484,sitting
990,8558,875864.241921,-153590152.30507687,sitting
991,8559,875864.2508619999,-154062062.7407884,sitting
992,8560,875864.257886,-154534938.82538974,sitting
993,8561,875864.266495,-155008781.545851,sitting
994,8562,875864.2743469999,-155483591.88914275,sitting
995,8563,875864.282,-155959370.8422353,sitting
996,8564,875864.290239,-156436119.39209887,sitting
997,8565,875864.2983649999,-156913838.52570388,sitting
998,8566,875864.306046,-157392529.2300207,sitting
999,8567,875864.31406,-157872192.49201953,sitting
1000,8568,875864.321904,-158352829.2986708,sitting
1001,8569,875864.330014,-158834440.63694495,sitting
1002,8570,875864.33814,-159317027.4938121,sitting
1003,8571,875864.345949,-159800590.8562429,sitting
1004,8572,875864.353937,-160285131.71120736,sitting
1005,8573,875864.361992,-160770651.04567587,sitting
1006,8574,875864.369846,-161257149.84661892,sitting
1007,8575,875864.377878,-161744629.1010069,sitting
1008,8576,875864.385945,-162233089.7958099,sitting
1009,8577,875864.39392,-162722532.91799834,sitting
1010,8578,875864.402035,-163212959.45454276,sitting
1011,8579,875864.410021,-163704370.3924132,sitting
1012,8580,875864.417954,-164196766.71858025,sitting
1013,8581,875864.425981,-164690149.42001402,sitting
1014,8582,875864.434002,-165184519.48368508,sitting
1015,8583,875864.442252,-165679877.8965636,sitting
1016,8584,875864.449955,-166176225.64562,sitting
1017,8585,875864.457857,-166673563.71782458,sitting
1018,8586,875864.470073,-167171893.10014766,sitting
1019,8587,875864.477931,-167671214.7795597,sitting
1020,8588,875864.487572,-168171529.74303088,sitting
1021,8589,875864.494894,-168672838.97753155,sitting
1022,8590,875864.505294,-169175143.47003224,sitting
1023,8591,875864.511194,-169678444.20750317,sitting
1024,8592,875864.518024,-170182742.17691454,sitting
1025,8593,875864.5259509999,-170688038.3652368,sitting
1026,8594,875864.534005,-171194333.75944036,sitting
1027,8595,875864.541965,-171701629.3464954,sitting
1028,8596,875864.549997,-172209926.1133725,sitting
1029,8597,875864.5579349999,-172719225.04704177,sitting
1030,8598,875864.5659009999,-173229527.13447368,sitting
1031,8599,875864.574011,-173740833.36263847,sitting
1032,8600,875864.582051,-174253144.71850657,sitting
1033,8601,875864.589927,-174766462.18904823,sitting
1034,8602,875864.598075,-175280786.76123387,sitting
1035,8603,875864.6060789999,-175796119.42203367,sitting
1036,8604,875864.614021,-176312461.1584183,sitting
1037,8605,875864.621911,-176829812.95735782,sitting
1038,8606,875864.629874,-177348175.80582255,sitting
1039,8607,875864.638157,-177867550.69078296,sitting
1040,8608,875864.645942,-178387938.59920943,sitting
1041,8609,875864.654113,-178909340.51807207,sitting
1042,8610,875864.661924,-179431757.43434137,sitting
1043,8611,875864.670174,-179955190.33498782,sitting
1044,8612,875864.680074,-180479640.20698154,sitting
1045,8613,875864.686102,-181005108.03729278,sitting
1046,8614,875864.693894,-181531594.8128922,sitting
1047,8615,875864.702036,-182059101.5207498,sitting
1048,8616,875864.709987,-182587629.14783615,sitting
1049,8617,875864.718072,-183117178.6811216,sitting
1050,8618,875864.725883,-183647751.1075763,sitting
1051,8619,875864.733937,-184179347.41417086,sitting
1052,8620,875864.7418879999,-184711968.58787537,sitting
1053,8621,875864.75014,-185245615.61566007,sitting
1054,8622,875864.757909,-185780289.48449564,sitting
1055,8623,875864.766116,-186315991.18135226,sitting
1056,8624,875864.774031,-186852721.69320023,sitting
1057,8625,875864.782328,-187390482.00700998,sitting
1058,8626,875864.790008,-187929273.10975188,sitting
1059,8627,875864.798144,-188469095.988396,sitting
1060,8628,875864.805868,-189009951.62991285,sitting
1061,8629,875864.8141119999,-189551841.0212729,sitting
1062,8630,875864.822081,-190094765.1494463,sitting
1063,8631,875864.830006,-190638725.00140345,sitting
1064,8632,875864.838322,-191183721.5641148,sitting
1065,8633,875864.8460039999,-191729755.8245505,sitting
1066,8634,875864.8540149999,-192276828.76968098,sitting
1067,8635,875864.862013,-192824941.38647658,sitting
1068,8636,875864.870131,-193374094.6619076,sitting
1069,8637,875864.877976,-193924289.5829444,sitting
1070,8638,875864.886157,-194475527.13655734,sitting
1071,8639,875864.895192,-195027808.30971676,sitting
1072,8640,875864.902008,-195581134.0893929,sitting
1073,8641,875864.909927,-196135505.46255624,sitting
1074,8642,875864.917941,-196690923.4161771,sitting
1075,8643,875864.925835,-197247388.93722576,sitting
1076,8644,875864.937877,-197804903.01267254,sitting
1077,8645,875864.945942,-198363466.62948787,sitting
1078,8646,875864.954106,-198923080.77464193,sitting
1079,8647,875864.961871,-199483746.43510532,sitting
1080,8648,875864.970006,-200045464.59784806,sitting
1081,8649,875864.978013,-200608236.24984068,sitting
1082,8650,875864.985813,-201172062.37805337,sitting
1083,8651,875864.9940439999,-201736943.9694568,sitting
1084,8652,875865.001937,-202302882.01102096,sitting
1085,8653,875865.009941,-202869877.4897164,sitting
1086,8654,875865.018023,-203437931.39251333,sitting
1087,8655,875865.0259659999,-204007044.70638216,sitting
1088,8656,875865.033893,-204577218.41829324,sitting
1089,8657,875865.041935,-205148453.51521665,sitting
1090,8658,875865.049969,-205720750.98412317,sitting
1091,8659,875865.057888,-206294111.81198293,sitting
1092,8660,875865.066066,-206868536.9857661,sitting
1093,8661,875865.073887,-207444027.49244332,sitting
1094,8662,875865.082001,-208020584.31898475,sitting
1095,8663,875865.089977,-208598208.45236063,sitting
1096,8664,875865.097902,-209176900.87954164,sitting
1097,8665,875865.106004,-209756662.58749783,sitting
1098,8666,875865.114127,-210337494.56319946,sitting
1099,8667,875865.121968,-210919397.7936173,sitting
1100,8668,875865.129923,-211502373.2657212,sitting
1101,8669,875865.138212,-212086421.96648186,sitting
1102,8670,875865.146108,-212671544.88286924,sitting
1103,8671,875865.153892,-213257743.00185424,sitting
1104,8672,875865.16198,-213845017.31040663,sitting
1105,8673,875865.169959,-214433368.79549712,sitting
1106,8674,875865.177946,-215022798.44409585,sitting
1107,8675,875865.185849,-215613307.24317324,sitting
1108,8676,875865.194009,-216204896.17969954,sitting
1109,8677,875865.201926,-216797566.24064523,sitting
1110,8678,875865.209947,-217391318.41298056,sitting
1111,8679,875865.217896,-217986153.68367577,sitting
1112,8680,875865.226024,-218582073.03970152,sitting
1113,8681,875865.234205,-219179077.46802777,sitting
1114,8682,875865.241887,-219777167.95562524,sitting
1115,8683,875865.249958,-220376345.4894638,sitting
1116,8684,875865.258967,-220976611.0565142,sitting
1117,8685,875865.265955,-221577965.6437466,sitting
1118,8686,875865.273982,-222180410.23813128,sitting
1119,8687,875865.28213,-222783945.82663876,sitting
1120,8688,875865.289953,-223388573.39623928,sitting
1121,8689,875865.297977,-223994293.93390316,sitting
1122,8690,875865.306079,-224601108.4266008,sitting
1123,8691,875865.313951,-225209017.86130232,sitting
1124,8692,875865.322814,-225818023.2249785,sitting
1125,8693,875865.329937,-226428125.50459915,sitting
1126,8694,875865.338243,-227039325.68713498,sitting
1127,8695,875865.346018,-227651624.7595563,sitting
1128,8696,875865.3538779999,-228265023.70883322,sitting
1129,8697,875865.36202,-228879523.5219363,sitting
1130,8698,875865.369904,-229495125.18583596,sitting
1131,8699,875865.377994,-230111829.6875021,sitting
1132,8700,875865.385963,-230729638.0139054,sitting
1133,8701,875865.393976,-231348551.15201628,sitting
1134,8702,875865.401947,-231968570.08880478,sitting
1135,8703,875865.413918,-232589695.81124157,sitting
1136,8704,875865.422115,-233211929.30629677,sitting
1137,8705,875865.430011,-233835271.56094068,sitting
1138,8706,875865.438126,-234459723.56214374,sitting
1139,8707,875865.446156,-235085286.29687625,sitting
1140,8708,875865.454132,-235711960.7521085,sitting
1141,8709,875865.46196,-236339747.91481096,sitting
1142,8710,875865.4700249999,-236968648.77195406,sitting
1143,8711,875865.478065,-237598664.31050777,sitting
1144,8712,875865.485951,-238229795.51744282,sitting
1145,8713,875865.493925,-238862043.37972927,sitting
1146,8714,875865.501999,-239495408.88433743,sitting
1147,8715,875865.509999,-240129893.0182379,sitting
1148,8716,875865.51811,-240765496.76840097,sitting
1149,8717,875865.5259049999,-241402221.12179673,sitting
1150,8718,875865.5341159999,-242040067.0653957,sitting
1151,8719,875865.542045,-242679035.58616835,sitting
1152,8720,875865.549951,-243319127.67108452,sitting
1153,8721,875865.557924,-243960344.3071152,sitting
1154,8722,875865.566097,-244602686.48123044,sitting
1155,8723,875865.573903,-245246155.1804005,sitting
1156,8724,875865.582018,-245890751.39159572,sitting
1157,8725,875865.589954,-246536476.10178667,sitting
1158,8726,875865.59803,-247183330.2979433,sitting
1159,8727,875865.6065679999,-247831314.9670362,sitting
1160,8728,875865.613971,-248480431.09603566,sitting
1161,8729,875865.621847,-249130679.67191213,sitting
1162,8730,875865.630071,-249782061.68163598,sitting
1163,8731,875865.637973,-250434578.11217707,sitting
1164,8732,875865.645916,-251088229.9505062,sitting
1165,8733,875865.654501,-251743018.18359363,sitting
1166,8734,875865.661901,-252398943.79840976,sitting
1167,8735,875865.669973,-253056007.78192478,sitting
1168,8736,875865.677994,-253714211.12110913,sitting
1169,8737,875865.685913,-254373554.80293298,sitting
1170,8738,875865.693878,-255034039.81436664,sitting
1171,8739,875865.701953,-255695667.14238095,sitting
1172,8740,875865.709926,-256358437.77394587,sitting
1173,8741,875865.717967,-257022352.6960315,sitting
1174,8742,875865.725935,-257687412.89560848,sitting
1175,8743,875865.734012,-258353619.35964727,sitting
1176,8744,875865.741929,-259020973.075118,sitting
1177,8745,875865.750104,-259689475.02899092,sitting
1178,8746,875865.7579869999,-260359126.20823663,sitting
1179,8747,875865.7660909999,-261029927.59982526,sitting
1180,8748,875865.774109,-261701880.19072753,sitting
1181,8749,875865.782573,-262374984.9679131,sitting
1182,8750,875865.790087,-263049242.91835266,sitting
1183,8751,875865.797988,-263724655.0290168,sitting
1184,8752,875865.805951,-264401222.28687555,sitting
1185,8753,875865.814101,-265078945.67889935,sitting
1186,8754,875865.82189,-265757826.19205838,sitting
1187,8755,875865.829992,-266437864.81332338,sitting
1188,8756,875865.838047,-267119062.5296644,sitting
1189,8757,875865.846148,-267801420.32805163,sitting
1190,8758,875865.854088,-268484939.1954556,sitting
1191,8759,875865.861964,-269169620.1188467,sitting
1192,8760,875865.874093,-269855464.08519506,sitting
1193,8761,875865.881961,-270542472.0814714,sitting
1194,8762,875865.889912,-271230645.0946456,sitting
1195,8763,875865.89792,-271919984.11168844,sitting
1196,8764,875865.906035,-272610490.1195699,sitting
1197,8765,875865.914035,-273302164.1052602,sitting
1198,8766,875865.921968,-273995007.05573034,sitting
1199,8767,875865.930085,-274689019.95795023,sitting
1200,8768,875865.939364,-275384203.79889,sitting
1201,8769,875865.94875,-276080559.5655203,sitting
1202,8770,875865.955297,-276778088.2448112,sitting
1203,8771,875865.961878,-277476790.82373357,sitting
1204,8772,875865.970198,-278176668.28925717,sitting
1205,8773,875865.977939,-278877721.62835264,sitting
1206,8774,875865.98596,-279579951.82799006,sitting
1207,8775,875865.993926,-280283359.87514037,sitting
1208,8776,875866.002007,-280987946.75677305,sitting
1209,8777,875866.009924,-281693713.45985913,sitting
1210,8778,875866.017967,-282400660.9713687,sitting
1211,8779,875866.026237,-283108790.27827203,sitting
1212,8780,875866.0338559999,-283818102.36753947,sitting
1213,8781,875866.041894,-284528598.2261415,sitting
1214,8782,875866.04991,-285240278.8410485,sitting
1215,8783,875866.057845,-285953145.19923055,sitting
1216,8784,875866.066083,-286667198.287658,sitting
1217,8785,875866.074085,-287382439.09330136,sitting
1218,8786,875866.0820309999,-288098868.60313094,sitting
1219,8787,875866.0899339999,-288816487.804117,sitting
1220,8788,875866.097984,-289535297.68323004,sitting
1221,8789,875866.105924,-290255299.22744036,sitting
1222,8790,875866.114323,-290976493.4237181,sitting
1223,8791,875866.1218879999,-291698881.25903386,sitting
1224,8792,875866.129905,-292422463.72035754,sitting
1225,8793,875866.137902,-293147241.7946601,sitting
1226,8794,875866.145885,-293873216.4689115,sitting
1227,8795,875866.154427,-294600388.7300821,sitting
1228,8796,875866.162087,-295328759.56514215,sitting
1229,8797,875866.170052,-296058329.9610622,sitting
1230,8798,875866.177977,-296789100.9048125,sitting
1231,8799,875866.1859779999,-297521073.38336354,sitting
1232,8800,875866.193939,-298254248.3836854,sitting
1233,8801,875866.201921,-298988626.8927484,sitting
1234,8802,875866.209913,-299724209.8975234,sitting
1235,8803,875866.217807,-300460998.3849801,sitting
1236,8804,875866.2259109999,-301198993.3420889,sitting
1237,8805,875866.233987,-301938195.7558204,sitting
1238,8806,875866.241891,-302678606.6131451,sitting
1239,8807,875866.249965,-303420226.901033,sitting
1240,8808,875866.2580939999,-304163057.6064545,sitting
1241,8809,875866.266172,-304907099.71638006,sitting
1242,8810,875866.273997,-305652354.2177799,sitting
1243,8811,875866.2820369999,-306398822.0976242,sitting
1244,8812,875866.289957,-307146504.3428836,sitting
1245,8813,875866.297962,-307895401.9405284,sitting
1246,8814,875866.305965,-308645515.87752885,sitting
1247,8815,875866.314139,-309396847.1408552,sitting
1248,8816,875866.322022,-310149396.71747804,sitting
1249,8817,875866.3341559999,-310903165.5943675,sitting
1250,8818,875866.341855,-311658154.7584941,sitting
1251,8819,875866.351775,-312414365.1968277,sitting
1252,8820,875866.358094,-313171797.8963393,sitting
1253,8821,875866.366069,-313930453.843999,sitting
1254,8822,875866.3752969999,-314690334.0267771,sitting
1255,8823,875866.382934,-315451439.4316435,sitting
1256,8824,875866.38987,-316213771.04556954,sitting
1257,8825,875866.398099,-316977329.85552454,sitting
1258,8826,875866.405923,-317742116.8484793,sitting
1259,8827,875866.414012,-318508133.0114042,sitting
1260,8828,875866.422041,-319275379.33126956,sitting
1261,8829,875866.429943,-320043856.7950457,sitting
1262,8830,875866.438407,-320813566.38970274,sitting
1263,8831,875866.446026,-321584509.1022113,sitting
1264,8832,875866.454087,-322356685.9195416,sitting
1265,8833,875866.4620609999,-323130097.828664,sitting
1266,8834,875866.470728,-323904745.8165488,sitting
1267,8835,875866.4779609999,-324680630.8701666,sitting
1268,8836,875866.48607,-325457753.9764872,sitting
1269,8837,875866.4939669999,-326236116.1224814,sitting
1270,8838,875866.502093,-327015718.2951194,sitting
1271,8839,875866.509922,-327796561.4813714,sitting
1272,8840,875866.518335,-328578646.66820806,sitting
1273,8841,875866.529496,-329361974.8425993,sitting
1274,8842,875866.537891,-330146546.9915159,sitting
1275,8843,875866.544384,-330932364.10192794,sitting
1276,8844,875866.549999,-331719427.16080564,sitting
1277,8845,875866.5579959999,-332507737.1551197,sitting
1278,8846,875866.565922,-333297295.07184017,sitting
1279,8847,875866.574265,-334088101.89793736,sitting
1280,8848,875866.582203,-334880158.62038195,sitting
1281,8849,875866.590778,-335673466.22614384,sitting
1282,8850,875866.5981449999,-336468025.70219356,sitting
1283,8851,875866.605892,-337263838.0355017,sitting
1284,8852,875866.61404,-338060904.21303815,sitting
1285,8853,875866.6219,-338859225.2217735,sitting
1286,8854,875866.629959,-339658802.0486782,sitting
1287,8855,875866.638972,-340459635.68072236,sitting
1288,8856,875866.645909,-341261727.1048764,sitting
1289,8857,875866.654061,-342065077.30811054,sitting
1290,8858,875866.661881,-342869687.2773953,sitting
1291,8859,875866.670029,-343675557.999701,sitting
1292,8860,875866.67795,-344482690.461998,sitting
1293,8861,875866.686784,-345291085.65125644,sitting
1294,8862,875866.693916,-346100744.5544468,sitting
1295,8863,875866.702084,-346911668.1585394,sitting
1296,8864,875866.710381,-347723857.45050454,sitting
1297,8865,875866.718044,-348537313.41731286,sitting
1298,8866,875866.725918,-349352037.0459341,sitting
1299,8867,875866.734093,-350168029.3233391,sitting
1300,8868,875866.742267,-350985291.23649824,sitting
1301,8869,875866.750095,-351803823.7723813,sitting
1302,8870,875866.757918,-352623627.9179592,sitting
1303,8871,875866.766015,-353444704.6602018,sitting
1304,8872,875866.774015,-354267054.98608005,sitting
1305,8873,875866.7819759999,-355090679.8825637,sitting
1306,8874,875866.790003,-355915580.33662343,sitting
1307,8875,875866.802053,-356741757.3352293,sitting
1308,8876,875866.809961,-357569211.86535203,sitting
1309,8877,875866.820056,-358397944.9139615,sitting
1310,8878,875866.8262,-359227957.46802855,sitting
1311,8879,875866.834083,-360059250.51452315,sitting
1312,8880,875866.842066,-360891825.0404155,sitting
1313,8881,875866.850169,-361725682.0326766,sitting
1314,8882,875866.8585399999,-362560822.47827613,sitting
1315,8883,875866.866056,-363397247.36418474,sitting
1316,8884,875866.8738599999,-364234957.6773728,sitting
1317,8885,875866.882212,-365073954.4048102,sitting
1318,8886,875866.889893,-365914238.533468,sitting
1319,8887,875866.898512,-366755811.0503161,sitting
1320,8888,875866.9060119999,-367598672.94232476,sitting
1321,8889,875866.914059,-368442825.19646454,sitting
1322,8890,875866.921929,-369288268.79970574,sitting
1323,8891,875866.929925,-370135004.73901844,sitting
1324,8892,875866.938435,-370983034.0013734,sitting
1325,8893,875866.945913,-371832357.57374084,sitting
1326,8894,875866.953962,-372682976.44309103,sitting
1327,8895,875866.961932,-373534891.59639394,sitting
1328,8896,875866.96991,-374388104.0206207,sitting
1329,8897,875866.977896,-375242614.7027408,sitting
1330,8898,875866.985946,-376098424.6297252,sitting
1331,8899,875866.994235,-376955534.7885442,sitting
1332,8900,875867.002119,-377813946.1661676,sitting
1333,8901,875867.0112599999,-378673659.7495662,sitting
1334,8902,875867.018518,-379534676.52571046,sitting
1335,8903,875867.025971,-380396997.4815706,sitting
1336,8904,875867.0347569999,-381260623.6041163,sitting
1337,8905,875867.042144,-382125555.8803189,sitting
1338,8906,875867.04989,-382991795.2971482,sitting
1339,8907,875867.058156,-383859342.84157467,sitting
1340,8908,875867.06595,-384728199.5005684,sitting
1341,8909,875867.074036,-385598366.2610998,sitting
1342,8910,875867.082991,-386469844.11013997,sitting
1343,8911,875867.089876,-387342634.0346583,sitting
1344,8912,875867.097994,-388216737.0216253,sitting
1345,8913,875867.105857,-389092154.05801153,sitting
1346,8914,875867.114174,-389968886.1307876,sitting
1347,8915,875867.121939,-390846934.226923,sitting
1348,8916,875867.130561,-391726299.3333889,sitting
1349,8917,875867.138072,-392606982.4371551,sitting
1350,8918,875867.145995,-393488984.5251924,sitting
1351,8919,875867.15432,-394372306.5844706,sitting
1352,8920,875867.161885,-395256949.60196066,sitting
1353,8921,875867.169929,-396142914.56463253,sitting
1354,8922,875867.177861,-397030202.45945644,sitting
1355,8923,875867.186052,-397918814.27340305,sitting
1356,8924,875867.193881,-398808750.9934422,sitting
1357,8925,875867.201946,-399700013.6065451,sitting
1358,8926,875867.2099509999,-400592603.09968114,sitting
1359,8927,875867.2178999999,-401486520.4598211,sitting
1360,8928,875867.22586,-402381766.6739354,sitting
1361,8929,875867.233934,-403278342.7289945,sitting
1362,8930,875867.241924,-404176249.6119683,sitting
1363,8931,875867.250076,-405075488.30982745,sitting
1364,8932,875867.257963,-405976059.80954206,sitting
1365,8933,875867.2701,-406877965.09808254,sitting
1366,8934,875867.277884,-407781205.16241944,sitting
1367,8935,875867.286067,-408685780.98952293,sitting
1368,8936,875867.294036,-409591693.5663632,sitting
1369,8937,875867.302221,-410498943.87991107,sitting
1370,8938,875867.309843,-411407532.91713643,sitting
1371,8939,875867.318007,-412317461.6650095,sitting
1372,8940,875867.325881,-413228731.11050117,sitting
1373,8941,875867.333985,-414141342.24058115,sitting
1374,8942,875867.341878,-415055296.0422205,sitting
1375,8943,875867.350013,-415970593.50238895,sitting
1376,8944,875867.357946,-416887235.608057,sitting
1377,8945,875867.365957,-417805223.3461951,sitting
1378,8946,875867.373852,-418724557.70377374,sitting
1379,8947,875867.38212,-419645239.6677629,sitting
1380,8948,875867.390092,-420567270.22513294,sitting
1381,8949,875867.398098,-421490650.3628545,sitting
1382,8950,875867.4060119999,-422415381.06789744,sitting
1383,8951,875867.413981,-423341463.32723236,sitting
1384,8952,875867.422088,-424268898.12783015,sitting
1385,8953,875867.429926,-425197686.4566603,sitting
1386,8954,875867.4383789999,-426127829.3006935,sitting
1387,8955,875867.4458539999,-427059327.6469004,sitting
1388,8956,875867.454198,-427992182.4822507,sitting
1389,8957,875867.461978,-428926394.7937151,sitting
1390,8958,875867.470211,-429861965.56826377,sitting
1391,8959,875867.478422,-430798895.79286706,sitting
1392,8960,875867.493986,-431737186.4544958,sitting
1393,8961,875867.501966,-432676838.5401195,sitting
1394,8962,875867.509847,-433617853.0367092,sitting
1395,8963,875867.518095,-434560230.9312352,sitting
1396,8964,875867.528065,-435503973.21066713,sitting
1397,8965,875867.534186,-436449080.8619764,sitting
1398,8966,875867.541927,-437395554.8721322,sitting
1399,8967,875867.549896,-438343396.22810555,sitting
1400,8968,875867.559197,-439292605.9168669,sitting
1401,8969,875867.565966,-440243184.9253861,sitting
1402,8970,875867.574022,-441195134.2406342,sitting
1403,8971,875867.5819699999,-442148454.8495809,sitting
1404,8972,875867.590001,-443103147.73919666,sitting
1405,8973,875867.598063,-444059213.89645135,sitting
1406,8974,875867.606001,-445016654.30831647,sitting
1407,8975,875867.614042,-445975469.9617615,sitting
1408,8976,875867.621899,-446935661.84375715,sitting
1409,8977,875867.629927,-447897230.9412737,sitting
1410,8978,875867.638849,-448860178.24128115,sitting
1411,8979,875867.646921,-449824504.73074985,sitting
1412,8980,875867.656689,-450790211.39665115,sitting
1413,8981,875867.662139,-451757299.22595394,sitting
1414,8982,875867.670046,-452725769.2056298,sitting
1415,8983,875867.679244,-453695622.3226478,sitting
1416,8984,875867.685941,-454666859.56397974,sitting
1417,8985,875867.693822,-455639481.9165945,sitting
1418,8986,875867.702106,-456613490.3674636,sitting
1419,8987,875867.710994,-457588885.9035567,sitting
1420,8988,875867.719211,-458565669.5118443,sitting
1421,8989,875867.7270439999,-459543842.179297,sitting
1422,8990,875867.734783,-460523404.89288497,sitting
1423,8991,875867.744685,-461504358.6395781,sitting
1424,8992,875867.753943,-462486704.4063473,sitting
1425,8993,875867.762179,-463470443.1801623,sitting
1426,8994,875867.770825,-464455575.94799435,sitting
1427,8995,875867.778223,-465442103.6968136,sitting
1428,8996,875867.785857,-466430027.4135896,sitting
1429,8997,875867.793812,-467419348.08529353,sitting
1430,8998,875867.802022,-468410066.6988952,sitting
1431,8999,875867.810147,-469402184.2413651,sitting
1432,9000,875867.820052,-470395701.6996733,sitting
1433,9001,875867.825939,-471390620.06079066,sitting
1434,9002,875867.833885,-472386940.31168795,sitting
1435,9003,875867.842049,-473384663.4393339,sitting
1436,9004,875867.849885,-474383790.4307003,sitting
1437,9005,875867.85782,-475384322.2727566,sitting
1438,9006,875867.866019,-476386259.95247376,sitting
1439,9007,875867.874255,-477389604.4568223,sitting
1440,9008,875867.882151,-478394356.77277136,sitting
1441,9009,875867.889964,-479400517.8872926,sitting
1442,9010,875867.898131,-480408088.7873558,sitting
1443,9011,875867.906826,-481417070.4599314,sitting
1444,9012,875867.9142679999,-482427463.8919891,sitting
1445,9013,875867.921955,-483439270.07050014,sitting
1446,9014,875867.929867,-484452489.9824345,sitting
1447,9015,875867.9379339999,-485467124.61476254,sitting
1448,9016,875867.946507,-486483174.9544548,sitting
1449,9017,875867.953948,-487500641.9884813,sitting
1450,9018,875867.961894,-488519526.7038119,sitting
1451,9019,875867.969906,-489539830.0874183,sitting
1452,9020,875867.977981,-490561553.1262697,sitting
1453,9021,875867.986402,-491584696.8073367,sitting
1454,9022,875867.994007,-492609262.1175903,sitting
1455,9023,875868.001981,-493635250.0439997,sitting
1456,9024,875868.010111,-494662661.5735357,sitting
1457,9025,875868.017985,-495691497.69316924,sitting
1458,9026,875868.026128,-496721759.3898703,sitting
1459,9027,875868.034037,-497753447.65060866,sitting
1460,9028,875868.0419899999,-498786563.462355,sitting
1461,9029,875868.049864,-499821107.8120804,sitting
1462,9030,875868.057878,-500857081.68675363,sitting
1463,9031,875868.067356,-501894486.0733466,sitting
1464,9032,875868.074031,-502933321.9588287,sitting
1465,9033,875868.0820909999,-503973590.33017063,sitting
1466,9034,875868.089969,-505015292.1743429,sitting
1467,9035,875868.097925,-506058428.4783155,sitting
1468,9036,875868.105961,-507103000.2290586,sitting
1469,9037,875868.113926,-508149008.4135432,sitting
1470,9038,875868.121948,-509196454.018739,sitting
1471,9039,875868.130013,-510245338.03161657,sitting
1472,9040,875868.138,-511295661.4391463,sitting
1473,9041,875868.145833,-512347425.22829854,sitting
1474,9042,875868.154265,-513400630.3860434,sitting
1475,9043,875868.161882,-514455277.8993517,sitting
1476,9044,875868.169999,-515511368.7551935,sitting
1477,9045,875868.177879,-516568903.9405389,sitting
1478,9046,875868.186032,-517627884.44235873,sitting
1479,9047,875868.19591,-518688311.2476226,sitting
1480,9048,875868.202727,-519750185.34330165,sitting
1481,9049,875868.210019,-520813507.71636593,sitting
1482,9050,875868.22272,-521878279.3537853,sitting
1483,9051,875868.229915,-522944501.2425308,sitting
1484,9052,875868.237967,-524012174.36957264,sitting
1485,9053,875868.2459089999,-525081299.72188103,sitting
1486,9054,875868.253978,-526151878.2864262,sitting
1487,9055,875868.261922,-527223911.05017805,sitting
1488,9056,875868.269895,-528297399.00010824,sitting
1489,9057,875868.278004,-529372343.12318575,sitting
1490,9058,875868.2860719999,-530448744.40638196,sitting
1491,9059,875868.2957049999,-531526603.83666646,sitting
1492,9060,875868.302074,-532605922.4010097,sitting
1493,9061,875868.309859,-533686701.0863826,sitting
1494,9062,875868.318108,-534768940.87975454,sitting
1495,9063,875868.326204,-535852642.7680969,sitting
1496,9064,875868.335213,-536937807.7383792,sitting
1497,9065,875868.344882,-538024436.7775723,sitting
1498,9066,875868.350493,-539112530.8726461,sitting
1499,9067,875868.357902,-540202091.0105709,sitting
1500,9068,875868.365876,-541293118.1783178,sitting
1501,9069,875868.374178,-542385613.3628566,sitting
1502,9070,875868.3819329999,-543479577.5511575,sitting
1503,9071,875868.389934,-544575011.7301911,sitting
1504,9072,875868.397987,-545671916.8869277,sitting
1505,9073,875868.40594,-546770294.0083374,sitting
1506,9074,875868.41393,-547870144.0813907,sitting
1507,9075,875868.422318,-548971468.0930582,sitting
1508,9076,875868.4302139999,-550074267.0303102,sitting
1509,9077,875868.437925,-551178541.8801167,sitting
1510,9078,875868.4466179999,-552284293.6294477,sitting
1511,9079,875868.453871,-553391523.2652746,sitting
1512,9080,875868.461897,-554500231.774567,sitting
1513,9081,875868.470009,-555610420.1442951,sitting
1514,9082,875868.477935,-556722089.3614299,sitting
1515,9083,875868.485948,-557835240.4129415,sitting
1516,9084,875868.4939529999,-558949874.2857996,sitting
1517,9085,875868.5019179999,-560065991.9669755,sitting
1518,9086,875868.510298,-561183594.443439,sitting
1519,9087,875868.51804,-562302682.7021601,sitting
1520,9088,875868.526122,-563423257.73011,sitting
1521,9089,875868.534089,-564545320.5142587,sitting
1522,9090,875868.542484,-565668872.0415765,sitting
1523,9091,875868.550011,-566793913.2990332,sitting
1524,9092,875868.557977,-567920445.2735999,sitting
1525,9093,875868.566,-569048468.9522465,sitting
1526,9094,875868.573972,-570177985.3219436,sitting
1527,9095,875868.5820299999,-571308995.3696616,sitting
1528,9096,875868.589921,-572441500.0823706,sitting
1529,9097,875868.598039,-573575500.447041,sitting
1530,9098,875868.60596,-574710997.4506432,sitting
1531,9099,875868.614279,-575847992.0801473,sitting
1532,9100,875868.622295,-576986485.322524,sitting
1533,9101,875868.630408,-578126478.1647434,sitting
1534,9102,875868.637922,-579267971.5937759,sitting
1535,9103,875868.645918,-580410966.5965918,sitting
1536,9104,875868.65399,-581555464.1601615,sitting
1537,9105,875868.66208,-582701465.2714555,sitting
1538,9106,875868.6699859999,-583848970.9174438,sitting
1539,9107,875868.678063,-584997982.0850971,sitting
1540,9108,875868.689966,-586148499.7613851,sitting
1541,9109,875868.698215,-587300524.9332788,sitting
1542,9110,875868.706,-588454058.5877484,sitting
1543,9111,875868.714236,-589609101.7117639,sitting
1544,9112,875868.7219829999,-590765655.2922963,sitting
1545,9113,875868.7325929999,-591923720.3163153,sitting
1546,9114,875868.740031,-593083297.7707914,sitting
1547,9115,875868.745975,-594244388.642695,sitting
1548,9116,875868.7541499999,-595406993.9189965,sitting
1549,9117,875868.762002,-596571114.5866663,sitting
1550,9118,875868.770864,-597736751.6326745,sitting
1551,9119,875868.77795,-598903906.0439914,sitting
1552,9120,875868.785845,-600072578.8075877,sitting
1553,9121,875868.793882,-601242770.9104339,sitting
1554,9122,875868.801868,-602414483.3394989,sitting
1555,9123,875868.809974,-603587717.0817549,sitting
1556,9124,875868.817983,-604762473.1241716,sitting
1557,9125,875868.82602,-605938752.4537187,sitting
1558,9126,875868.838199,-607116556.0573673,sitting
1559,9127,875868.847155,-608295884.9220872,sitting
1560,9128,875868.851586,-609476740.0348495,sitting
1561,9129,875868.857878,-610659122.3826234,sitting
1562,9130,875868.866122,-611843032.9523802,sitting
1563,9131,875868.873932,-613028472.7310902,sitting
1564,9132,875868.882017,-614215442.7057233,sitting
1565,9133,875868.889968,-615403943.8632498,sitting
1566,9134,875868.898359,-616593977.1906402,sitting
1567,9135,875868.908254,-617785543.674865,sitting
1568,9136,875868.915299,-618978644.3028942,sitting
1569,9137,875868.92192,-620173280.0616983,sitting
1570,9138,875868.929876,-621369451.9382482,sitting
1571,9139,875868.937945,-622567160.9195135,sitting
1572,9140,875868.945902,-623766407.9924647,sitting
1573,9141,875868.953887,-624967194.1440723,sitting
1574,9142,875868.961973,-626169520.3613062,sitting
1575,9143,875868.971137,-627373387.6311373,sitting
1576,9144,875868.979395,-628578796.9405359,sitting
1577,9145,875868.985914,-629785749.276472,sitting
1578,9146,875868.99392,-630994245.625916,sitting
1579,9147,875869.001959,-632204286.9758384,sitting
1580,9148,875869.009859,-633415874.3132095,sitting
1581,9149,875869.020498,-634629008.6249992,sitting
1582,9150,875869.0260279999,-635843690.8981788,sitting
1583,9151,875869.033909,-637059922.119718,sitting
1584,9152,875869.042057,-638277703.2765868,sitting
1585,9153,875869.050022,-639497035.3557566,sitting
1586,9154,875869.057927,-640717919.344197,sitting
1587,9155,875869.065983,-641940356.2288779,sitting
1588,9156,875869.073855,-643164346.9967705,sitting
1589,9157,875869.082001,-644389892.6348449,sitting
1590,9158,875869.089954,-645616994.1300714,sitting
1591,9159,875869.098001,-646845652.4694201,sitting
1592,9160,875869.10701,-648075868.6398616,sitting
1593,9161,875869.114053,-649307643.6283659,sitting
1594,9162,875869.122055,-650540978.421904,sitting
1595,9163,875869.130758,-651775874.0074458,sitting
1596,9164,875869.137955,-653012331.371961,sitting
1597,9165,875869.150134,-654250351.5024217,sitting
1598,9166,875869.157927,-655489935.3857963,sitting
1599,9167,875869.166037,-656731084.0090564,sitting
1600,9168,875869.1740219999,-657973798.359172,sitting
1601,9169,875869.18198,-659218079.4231132,sitting
1602,9170,875869.189903,-660463928.1878504,sitting
1603,9171,875869.199033,-661711345.6403545,sitting
1604,9172,875869.205879,-662960332.7675947,sitting
1605,9173,875869.2144919999,-664210890.5565429,sitting
1606,9174,875869.22218,-665463019.9941676,sitting
1607,9175,875869.230818,-666716722.0674406,sitting
1608,9176,875869.23792,-667971997.7633317,sitting
1609,9177,875869.246102,-669228848.0688114,sitting
1610,9178,875869.255837,-670487273.9708499,sitting
1611,9179,875869.261969,-671747276.4564176,sitting
1612,9180,875869.2735519999,-673008856.5124847,sitting
1613,9181,875869.279827,-674272015.1260214,sitting
1614,9182,875869.286121,-675536753.2839986,sitting
1615,9183,875869.293883,-676803071.973386,sitting
1616,9184,875869.301964,-678070972.1811546,sitting
1617,9185,875869.309935,-679340454.8942742,sitting
1618,9186,875869.317856,-680611521.0997151,sitting
1619,9187,875869.325928,-681884171.784448,sitting
1620,9188,875869.33406,-683158407.9354433,sitting
1621,9189,875869.3427469999,-684434230.5396712,sitting
1622,9190,875869.351083,-685711640.5841018,sitting
1623,9191,875869.358077,-686990639.0557053,sitting
1624,9192,875869.366347,-688271226.941453,sitting
1625,9193,875869.3739509999,-689553405.2283144,sitting
1626,9194,875869.3821779999,-690837174.90326,sitting
1627,9195,875869.389934,-692122536.95326,sitting
1628,9196,875869.398063,-693409492.3652847,sitting
1629,9197,875869.406056,-694698042.1263051,sitting
1630,9198,875869.41408,-695988187.2232909,sitting
1631,9199,875869.4219889999,-697279928.6432126,sitting
1632,9200,875869.429842,-698573267.3730407,sitting
1633,9201,875869.437878,-699868204.3997452,sitting
1634,9202,875869.445984,-701164740.7102969,sitting
1635,9203,875869.454718,-702462877.2916656,sitting
1636,9204,875869.461919,-703762615.1308215,sitting
1637,9205,875869.470048,-705063955.2147362,sitting
1638,9206,875869.478162,-706366898.5303788,sitting
1639,9207,875869.486119,-707671446.0647199,sitting
1640,9208,875869.493962,-708977598.8047304,sitting
1641,9209,875869.502094,-710285357.73738,sitting
1642,9210,875869.509839,-711594723.8496392,sitting
1643,9211,875869.518254,-712905698.1284783,sitting
1644,9212,875869.529359,-714218281.5608678,sitting
1645,9213,875869.534081,-715532475.1337776,sitting
1646,9214,875869.541986,-716848279.8341789,sitting
1647,9215,875869.550316,-718165696.6490414,sitting
1648,9216,875869.557968,-719484726.5653358,sitting
1649,9217,875869.565935,-720805370.5700319,sitting
1650,9218,875869.573842,-722127629.6501005,sitting
1651,9219,875869.581951,-723451504.7925119,sitting
1652,9220,875869.589938,-724776996.9842362,sitting
1653,9221,875869.597997,-726104107.2122436,sitting
1654,9222,875869.605885,-727432836.463505,sitting
1655,9223,875869.617919,-728763185.7249904,sitting
1656,9224,875869.626117,-730095155.98367,sitting
1657,9225,875869.633939,-731428748.2265146,sitting
1658,9226,875869.642193,-732763963.4404941,sitting
1659,9227,875869.650357,-734100802.6125789,sitting
1660,9228,875869.6583209999,-735439266.7297394,sitting
1661,9229,875869.667457,-736779356.7789462,sitting
1662,9230,875869.674476,-738121073.747169,sitting
1663,9231,875869.68219,-739464418.6213789,sitting
1664,9232,875869.690021,-740809392.3885465,sitting
1665,9233,875869.698063,-742155996.0356405,sitting
1666,9234,875869.705941,-743504230.5496328,sitting
1667,9235,875869.714126,-744854096.9174931,sitting
1668,9236,875869.722324,-746205596.1261916,sitting
1669,9237,875869.729927,-747558729.1626992,sitting
1670,9238,875869.737769,-748913497.0139859,sitting
1671,9239,875869.7460319999,-750269900.6670218,sitting
1672,9240,875869.755303,-751627941.1087778,sitting
1673,9241,875869.762709,-752987619.3262236,sitting
1674,9242,875869.769998,-754348936.3063297,sitting
1675,9243,875869.777945,-755711893.036067,sitting
1676,9244,875869.7859189999,-757076490.5024056,sitting
1677,9245,875869.793904,-758442729.6923156,sitting
1678,9246,875869.80197,-759810611.5927675,sitting
1679,9247,875869.809903,-761180137.190731,sitting
1680,9248,875869.8181779999,-762551307.4731774,sitting
1681,9249,875869.826775,-763924123.4270766,sitting
1682,9250,875869.833913,-765298586.0393989,sitting
1683,9251,875869.842877,-766674696.2971146,sitting
1684,9252,875869.852582,-768052455.1871951,sitting
1685,9253,875869.861015,-769431863.6966088,sitting
1686,9254,875869.867952,-770812922.8123269,sitting
1687,9255,875869.87398,-772195633.5213201,sitting
1688,9256,875869.882064,-773579996.8105588,sitting
1689,9257,875869.889978,-774966013.6670129,sitting
1690,9258,875869.89799,-776353685.0776525,sitting
1691,9259,875869.90591,-777743012.029449,sitting
1692,9260,875869.913928,-779133995.5093715,sitting
1693,9261,875869.92186,-780526636.5043917,sitting
1694,9262,875869.929946,-781920936.0014784,sitting
1695,9263,875869.937865,-783316894.9876025,sitting
1696,9264,875869.945886,-784714514.4497349,sitting
1697,9265,875869.9544159999,-786113795.374846,sitting
1698,9266,875869.96386,-787514738.7499049,sitting
1699,9267,875869.97269,-788917345.5618834,sitting
1700,9268,875869.979949,-790321616.7977507,sitting
1701,9269,875869.9871029999,-791727553.4444773,sitting
1702,9270,875869.993946,-793135156.4890344,sitting
1703,9271,875870.001931,-794544426.9183917,sitting
1704,9272,875870.009816,-795955365.7195196,sitting
1705,9273,875870.0182919999,-797367973.8793883,sitting
1706,9274,875870.025919,-798782252.3849683,sitting
1707,9275,875870.034084,-800198202.2232299,sitting
1708,9276,875870.042003,-801615824.3811438,sitting
1709,9277,875870.049977,-803035119.8456798,sitting
1710,9278,875870.058238,-804456089.6038084,sitting
1711,9279,875870.066057,-805878734.6425002,sitting
1712,9280,875870.078114,-807303055.948725,sitting
1713,9281,875870.086083,-808729054.5094535,sitting
1714,9282,875870.093891,-810156731.3116565,sitting
1715,9283,875870.101914,-811586087.3423033,sitting
1716,9284,875870.109991,-813017123.5883651,sitting
1717,9285,875870.117892,-814449841.0368118,sitting
1718,9286,875870.126069,-815884240.6746137,sitting
1719,9287,875870.134142,-817320323.4887414,sitting
1720,9288,875870.141898,-818758090.4661655,sitting
1721,9289,875870.1499879999,-820197542.5938554,sitting
1722,9290,875870.157968,-821638680.8587825,sitting
1723,9291,875870.166113,-823081506.2479165,sitting
1724,9292,875870.1769879999,-824526019.7482278,sitting
1725,9293,875870.182045,-825972222.3466866,sitting
1726,9294,875870.189954,-827420115.0302639,sitting
1727,9295,875870.198267,-828869698.785929,sitting
1728,9296,875870.207002,-830320974.6006532,sitting
1729,9297,875870.214022,-831773943.4614067,sitting
1730,9298,875870.221881,-833228606.3551593,sitting
1731,9299,875870.231116,-834684964.2688816,sitting
1732,9300,875870.238058,-836143018.1895444,sitting
1733,9301,875870.245935,-837602769.1041174,sitting
1734,9302,875870.25409,-839064217.9995711,sitting
1735,9303,875870.261923,-840527365.8628759,sitting
1736,9304,875870.2709219999,-841992213.6810024,sitting
1737,9305,875870.278152,-843458762.4409199,sitting
1738,9306,875870.2905069999,-844927013.1296008,sitting
1739,9307,875870.295213,-846396966.7340128,sitting
1740,9308,875870.3021869999,-847868624.2411284,sitting
1741,9309,875870.31005,-849341986.6379173,sitting
1742,9310,875870.3181789999,-850817054.9113495,sitting
1743,9311,875870.325913,-852293830.0483949,sitting
1744,9312,875870.334039,-853772313.0360248,sitting
1745,9313,875870.34196,-855252504.8612103,sitting
1746,9314,875870.349969,-856734406.5109189,sitting
1747,9315,875870.358654,-858218018.9721231,sitting
1748,9316,875870.366171,-859703343.2317941,sitting
1749,9317,875870.374078,-861190380.2768993,sitting
1750,9318,875870.3825,-862679131.0944116,sitting
1751,9319,875870.3908149999,-864169596.6713004,sitting
1752,9320,875870.397981,-865661777.9945359,sitting
1753,9321,875870.406011,-867155676.0510883,sitting
1754,9322,875870.41406,-868651291.8279288,sitting
1755,9323,875870.421871,-870148626.3120267,sitting
1756,9324,875870.42995,-871647680.4903529,sitting
1757,9325,875870.4379039999,-873148455.3498776,sitting
