,Dia_Spline3_Base,Event
2,-0.5199108123779297,default
3,-0.47066593170166016,default
4,-0.31088972091674805,default
5,-0.22885513305663707,default
6,-0.39648914337158203,default
7,-0.5934872627258301,default
8,-0.6258316040039062,default
9,-0.6146373748779297,default
10,-0.6470732688903809,default
11,-0.7331819534301758,default
12,-0.7596702575683594,default
13,-0.6710762977600098,default
14,-0.6125555038452148,default
15,-0.6446390151977539,default
16,-0.6798791885375977,default
17,-0.7223196029663086,default
18,-0.8244929313659668,default
19,-0.9736995697021484,default
20,-1.047163963317871,default
21,-1.065610408782959,default
22,-1.122067928314209,default
23,-1.1054010391235352,default
24,-1.0292401313781738,default
25,-1.0266690254211426,default
26,-1.1058430671691895,default
27,-1.0726490020751953,default
28,-0.9817814826965332,default
29,-1.0566716194152832,default
30,-1.181990623474121,default
31,-1.2289414405822754,default
32,-1.2757515907287598,default
33,-1.3113842010498047,default
34,-1.2520442008972168,default
35,-1.311354160308838,default
36,-1.3871736526489258,default
37,-1.2526860237121582,default
38,-1.0741710662841797,default
39,-1.0586209297180176,default
40,-1.2743134498596191,default
41,-1.2691116333007812,default
42,-0.7989287376403809,default
43,-1.3113691806793213,default
44,-1.2467765808105469,default
45,-1.5898523330688477,default
46,-1.4836502075195312,default
47,-1.481921672821045,default
48,-1.6238651275634766,default
49,-1.6638178825378418,default
50,-1.5476322174072266,default
51,-1.4237279891967773,default
52,-1.3842597007751465,default
53,-1.3751273155212402,default
54,-1.3352875709533691,default
55,-1.2631373405456543,default
56,-1.1891756057739258,default
57,-1.1974601745605469,default
58,-1.1595029830932617,default
59,-0.9842681884765625,default
60,-0.9785780906677246,default
61,-1.1652650833129883,default
62,-1.2298483848571777,default
63,-1.1592025756835938,default
64,-1.0434694290161133,default
65,-0.8639645576477051,default
66,-0.7466893196105957,default
67,-0.7572817802429199,default
68,-0.6644082069396973,default
69,-0.5189900398254359,default
70,-0.5318732261657715,default
71,-0.5415606498718262,default
72,-0.42948246002197266,default
73,-0.41534900665283203,default
74,-0.563469409942627,default
75,-0.6536259651184082,default
76,-0.5408730506896937,default
77,-0.24245023727416992,default
78,0.011213302612304688,default
79,0.08322477340698242,default
80,0.09411811828613281,default
81,0.07189464569091797,default
82,0.1080327033996582,default
83,0.2893714904785156,default
84,0.42943429946899414,default
85,0.4602808952331543,default
86,0.41934680938720703,default
87,0.4074406623840332,default
88,0.5030884742736816,default
89,0.5324783325195312,default
90,0.46540355682373047,default
91,0.388486385345459,default
92,0.3754105567932129,default
93,0.4261040687561035,default
94,0.42290735244750977,default
95,0.4444723129272461,default
96,0.49852848052978516,default
97,0.4868302345275879,default
98,0.49000024795532227,default
99,0.5141363143920898,default
100,0.5353412628173828,default
101,0.5597953796386719,default
102,0.5287342071533203,default
103,0.4751734733581543,default
104,0.40056419372558594,default
105,0.35199928283691406,default
106,0.36831045150756836,default
107,0.36568689346313477,default
108,0.43527889251708984,default
109,0.5228414535522461,default
110,0.484769344329834,default
111,0.410219669342041,default
112,0.35117053985595703,default
113,0.2131056785583496,default
114,0.024398326873779297,default
115,0.048754215240478516,default
116,0.15641212463378906,default
117,0.08447837829589844,default
118,0.05677175521850586,default
119,0.18921995162963512,default
120,0.25497865676879883,default
121,0.19599008560180664,default
122,0.1736302375793457,default
123,0.22728538513183594,default
124,0.2317514419555664,default
125,0.0949101448059082,default
126,0.07740640640258789,default
127,0.34636878967285156,default
128,0.4825468063354492,default
129,0.37784337997436523,default
130,0.28447866439819336,default
131,0.2728404998779297,default
132,0.2754855155944824,default
133,0.2274465560913086,default
134,0.1765289306640625,default
135,0.07515811920166016,default
136,0.027170658111572266,default
137,0.11963129043579102,default
138,0.19955015182495117,default
139,0.17206573486328125,default
140,0.06257343292236328,default
141,0.06206941604614258,default
142,0.1695084571838379,default
143,0.18883371353149414,default
144,0.13742828369140625,default
145,0.05626630783081055,default
146,-0.051738739013671875,default
147,-0.1652827262878418,default
148,-0.30049800872802734,default
149,-0.33466625213623047,default
150,-0.22116374969482422,default
151,-0.15749788284301758,default
152,-0.24455738067626953,default
153,-0.3673839569091797,default
154,-0.3813929557800293,default
155,-0.2837662696838379,default
156,-0.2579779624938965,default
157,-0.32279109954833984,default
158,-0.39216089248657227,default
159,-0.452076911926266,default
160,-0.29634523391723633,default
161,-0.18079423904418945,default
162,-0.37827205657958984,default
163,-0.5821294784545898,default
164,-0.6329317092895508,default
165,-0.5760302543640101,default
166,-0.5727825164794886,default
167,-0.6973910331726074,default
168,-0.7295036315917969,default
169,-0.6743001937866211,default
170,-0.6630120277404785,default
171,-0.5699295997619629,default
172,-0.4679532051086426,default
173,-0.46565675735473633,default
174,-0.5001645088195801,default
175,-0.5088896751403809,default
176,-0.48390817642211914,default
177,-0.4799439039902893,default
178,-0.47981611466557084,default
179,-0.4796827935814534,default
180,-0.4795439023693895,default
181,-0.47939940266082104,default
182,-0.47924925608721125,default
183,-0.47909342428001267,default
184,-0.4789318688706885,default
185,-0.47876455149068065,default
186,-0.478591433771431,default
187,-0.4784124773444276,default
188,-0.47822764384109817,default
189,-0.4780368948929059,default
190,-0.47784019213129625,default
191,-0.4776374971877324,default
192,-0.4774287716936634,default
193,-0.47721397728054527,default
194,-0.47699307557983417,default
195,-0.4767660282229791,default
196,-0.4765327968414361,default
197,-0.47629334306666493,default
198,-0.4760476285301074,default
199,-0.47579561486321964,default
200,-0.4755372636974684,default
201,-0.47527253666429203,default
202,-0.47500139539515374,default
203,-0.4747238015215025,default
204,-0.47443971667480156,default
205,-0.4741491024864857,default
206,-0.47385192058802517,default
207,-0.4735481326108726,default
208,-0.47323770018647693,default
209,-0.4729205849462943,default
210,-0.47259674852177724,default
211,-0.4722661525443783,default
212,-0.4719287586455536,default
213,-0.4715845284567628,default
214,-0.4712334236094513,default
215,-0.4708754057350717,default
216,-0.4705104364650836,default
217,-0.4701384774309396,default
218,-0.4697594902640958,default
219,-0.46937343659599406,default
220,-0.46898027805810116,default
221,-0.4685799762818732,default
222,-0.46817249289875207,default
223,-0.4677577895401974,default
224,-0.4673358278376689,default
225,-0.46690656942260844,default
226,-0.46646997592648276,default
227,-0.4660260089807302,default
228,-0.46557463021682466,default
229,-0.46511580126619734,default
230,-0.465345215741511,default
231,-0.46366001313459293,default
232,-0.45064210891723633,default
233,-0.46762895584106445,default
234,-0.4486885070800781,default
235,-0.46220422500298497,default
236,-0.46169217042609745,default
237,-0.461172358714137,default
238,-0.460644751498549,default
239,-0.46010931041079317,default
240,-0.45956599708232204,default
241,-0.4590147731445775,default
242,-0.45845560022902987,default
243,-0.4578884399671246,default
244,-0.45731325399032485,default
245,-0.456730003930069,default
246,-0.4561386514178203,default
247,-0.4555391580850312,default
248,-0.4549314855631579,default
249,-0.45431559548365286,default
250,-0.4536914494779687,default
251,-0.4530590091775544,default
252,-0.4524182362138731,default
253,-0.4517690922183739,default
254,-0.4511115388225164,default
255,-0.45044553765774253,default
256,-0.449771050355519,default
257,-0.44908803854729484,default
258,-0.4483964638645084,default
259,-0.4476962879386477,default
260,-0.44698747240113335,default
261,-0.4462699788834428,default
262,-0.44554376901701787,default
263,-0.44480880443331117,default
264,-0.44406504676378944,default
265,-0.4433124576398839,default
266,-0.44255099869306846,default
267,-0.4417806315547921,default
268,-0.4410013178565073,default
269,-0.44021301922966316,default
270,-0.43941569730572283,default
271,-0.43860931371612466,default
272,-0.4377938300923496,default
273,-0.4369692080658254,default
274,-0.4361354092680152,default
275,-0.435292395330368,default
276,-0.4344401278843577,default
277,-0.4335785685614155,default
278,-0.43270767899300466,default
279,-0.4318274208105741,default
280,-0.4309377556455871,default
281,-0.43003864512948553,default
282,-0.4291300508937397,default
283,-0.4282119345697879,default
284,-0.4272842577890863,default
285,-0.426346982183091,default
286,-0.4254000693832616,default
287,-0.42444348102104,default
288,-0.4234771787278966,default
289,-0.42250112413526963,default
290,-0.4215152788746188,default
291,-0.4205196045774038,default
292,-0.41951406287507,default
293,-0.4184986153990735,default
294,-0.4174732237808705,default
295,-0.4164378496519099,default
296,-0.41539245464365493,default
297,-0.4143370003875475,default
298,-0.4132714485150508,default
299,-0.4121957606576139,default
300,-0.4111098984466963,default
301,-0.41001382351374716,default
302,-0.40890749749021893,default
303,-0.4077908820075713,default
304,-0.40666393869724615,default
305,-0.4055266291907138,default
306,-0.4043789151194197,default
307,-0.4032207581148093,default
308,-0.40205211980835287,default
309,-0.40087296183149235,default
310,-0.39968324581568737,default
311,-0.39848293339240115,default
312,-0.3972719861930578,default
313,-0.3960503658491419,default
314,-0.3948180339920988,default
315,-0.393574952253374,default
316,-0.3923210822644272,default
317,-0.39105638565671086,default
318,-0.38978082406168113,default
319,-0.388494359110787,default
320,-0.3871969524354846,default
321,-0.38588856566722995,default
322,-0.38456916043748635,default
323,-0.383238698377685,default
324,-0.38189714111929973,default
325,-0.3805444502937654,default
326,-0.3791805875325629,default
327,-0.37780551446711286,default
328,-0.37641919272889623,default
329,-0.375021583949362,default
330,-0.3736126497599557,default
331,-0.37219235179213683,default
332,-0.37076065167735095,default
333,-0.3693175110470648,default
334,-0.3678628915327309,default
335,-0.3663967547657876,default
336,-0.36491906237770166,default
337,-0.36342977599991855,default
338,-0.361928857263905,default
339,-0.36041626780111,default
340,-0.35889196924298616,default
341,-0.35735592322098597,default
342,-0.3558080913665549,default
343,-0.3542484353111668,default
344,-0.35267691668625645,default
345,-0.3510934971232871,default
346,-0.3494981382537148,default
347,-0.34789080170899567,default
348,-0.3462714491205716,default
349,-0.34464004211990584,default
350,-0.34299654233844734,default
351,-0.3413409114076522,default
352,-0.33967311095896946,default
353,-0.33799310262385873,default
354,-0.33630084803377613,default
355,-0.3345963088201742,default
356,-0.332879446614502,default
357,-0.33115022304821906,default
358,-0.3294085997527674,default
359,-0.3276545383596208,default
360,-0.32588800050021405,default
361,-0.3241089478060175,default
362,-0.3223173419084695,default
363,-0.3205131444390297,default
364,-0.3186963170291577,default
365,-0.3168668213103061,default
366,-0.3150246189139274,default
367,-0.3131696714714636,default
368,-0.3113019406143813,default
369,-0.30942138797413676,default
370,-0.30752797518217534,default
371,-0.30562166386996026,default
372,-0.3037024156689334,default
373,-0.30177019221055446,default
374,-0.29982495512628304,default
375,-0.2978666660475646,default
376,-0.29589528660585884,default
377,-0.2939107784326147,default
378,-0.29191310315929186,default
379,-0.2899022224173322,default
380,-0.2878780978382096,default
381,-0.28584069105335885,default
382,-0.28378996369424314,default
383,-0.281725877392315,default
384,-0.27964839377902706,default
385,-0.27755747448583534,default
386,-0.2754530811441924,default
387,-0.27333517538555085,default
388,-0.2712037188413703,default
389,-0.2690586731430926,default
390,-0.26689999992218816,default
391,-0.26472766081009524,default
392,-0.26254161743826643,default
393,-0.2603418314381791,default
394,-0.25812826444126813,default
395,-0.2559008780789931,default
396,-0.2536596339827959,default
397,-0.25140449378414687,default
398,-0.249135419114495,default
399,-0.7194757461547852,default
400,-0.8152875900268555,default
401,-0.825401782989502,default
402,-0.8087701797485352,default
403,-0.7824544906616211,default
404,-0.7421422004699707,default
405,-0.762789249420166,default
406,-0.745506763458252,default
407,-0.7265534400939941,default
408,-0.8167963027954102,default
409,-0.863642692565918,default
410,-0.7257628440856934,default
411,-0.5872664451599121,default
412,-0.5961828231811523,default
413,-0.6223526000976562,default
414,-0.7110123634338379,default
415,-0.7895498275756836,default
416,-0.6984734535217285,default
417,-0.6961197853088379,default
418,-0.805598258972168,default
419,-0.7620611190795934,default
420,-0.7262825965881348,default
421,-0.7054548263549805,default
422,-0.6160387992858887,default
423,-0.642357349395752,default
424,-0.6664552688598633,default
425,-0.6210918426513672,default
426,-0.631500244140625,default
427,-0.6699776649475098,default
428,-0.6246156692504883,default
429,-0.4592719078063965,default
430,-0.3554840087890625,default
431,-0.4252161979675293,default
432,-0.5756740570068359,default
433,-0.6542105674743652,default
434,-0.5463962554931641,default
435,-0.4313793182373047,default
436,-0.4332618713378906,default
437,-0.27153539657592773,default
438,-0.14716863632202148,default
439,-0.2581748962402344,default
440,-0.1854534149169922,default
441,-0.0009064674377441406,default
442,0.08452463150024414,default
443,0.03278636932373047,default
444,-0.09624385833740234,default
445,-0.12404870986938477,default
446,-0.2162017822265625,default
447,-0.20625019073486328,default
448,-0.02192401885986328,default
449,0.019051551818847656,default
450,0.03309059143066406,default
451,0.0687875747680664,default
452,0.09256601333618164,default
453,0.1415543556213379,default
454,0.16974115371704102,default
455,0.2292799949645996,default
456,0.3013896942138672,default
457,0.2618565559387207,default
458,0.1373753547668457,default
459,0.10618448257446289,default
460,0.16637659072875977,default
461,0.1585073471069336,default
462,0.14489412307739258,default
463,0.21509790420532582,default
464,0.2999610900878942,default
465,0.30890321731567383,default
466,0.22496986389160156,default
467,0.2039203643798828,default
468,0.2725515365600586,default
469,0.24347257614135742,default
470,0.1607823371887207,default
471,0.13418245315551758,default
472,0.09701967239379883,default
473,0.02709054946899414,default
474,-0.02257394790649414,default
475,0.04515886306762695,default
476,0.1963062286376953,default
477,0.20932817459106445,default
478,0.04900646209716797,default
479,0.012165546417236328,default
480,0.04352235794067383,default
481,0.0,default
482,0.017788410186767578,default
483,0.017910480499267578,default
484,0.012789249420166016,default
485,-0.044583797454833984,default
486,-0.18181657791137695,default
487,-0.20746994018554688,default
488,-0.19384431838989258,default
489,-0.15731143951416016,default
490,-0.12967491149902344,default
491,-0.23062944412231445,default
492,-0.2585105895996094,default
493,-0.23630285263061523,default
494,-0.29782533645629883,default
495,-0.2652459144592285,default
496,-0.25529956817626953,default
497,-0.385498046875,default
498,-0.42498302459716797,default
499,-0.429995059967041,default
500,-0.46320629119873047,default
501,-0.44895076751708984,default
502,-0.48536109924316406,default
503,-0.4890632629394531,default
504,-0.3888578414916992,default
505,-0.30892276763916016,default
506,-0.2723417282104492,default
507,-0.22099733352661133,default
508,-0.2642698287963867,default
509,-0.4561910629272461,default
510,-0.5411248207092285,default
511,-0.5547199249267578,default
512,-0.6282696723937988,default
513,-0.560389518737793,default
514,-0.42359352111816406,default
515,-0.34841299057006836,default
516,-0.18801307678222656,default
517,-0.062404632568359375,default
518,-0.11879968643188477,default
519,-0.16563987731933594,default
520,-0.18642282485961914,default
521,-0.28607940673828125,default
522,-0.3605022430419922,default
523,-0.4408707618713379,default
524,-0.5532541275024414,default
525,-0.5889196395874023,default
526,-0.5690097808837891,default
527,-0.5465593338012695,default
528,-0.5582051277160645,default
529,-0.5388579368591309,default
530,-0.506413459777832,default
531,-0.510075569152832,default
532,-0.43650245666503906,default
533,-0.34249353408813477,default
534,-0.28757715225219727,default
535,-0.15979337692260742,default
536,-0.010717391967773438,default
537,0.008139133453365588,default
538,-0.03736352920532582,default
539,-0.015118122100830078,default
540,-0.014821529388427734,default
541,-0.08265876770019531,default
542,-0.1051778793334961,default
543,-0.06401777267456055,default
544,-0.000232696533203125,default
545,0.06677484512329102,default
546,0.09628725051879883,default
547,0.07258939743041992,default
548,0.11336326599121094,default
549,0.13378143310546875,default
550,0.05399274826049805,default
551,0.1829986572265625,default
552,0.3848247528076172,default
553,0.4137449264526367,default
554,0.49372100830078125,default
555,0.5452227592468262,default
556,0.5035161972045898,default
557,0.4153165817260742,default
558,0.3623018264770508,default
559,0.44948673248291016,default
560,0.5165805816650391,default
561,0.5198335647582972,default
562,0.5656838417053223,default
563,0.6181974411010742,default
564,0.522120475769043,default
565,0.41683149337768555,default
566,0.43100833892822266,default
567,0.44242191314697266,default
568,0.5048947334289551,default
569,0.6359896659851074,default
570,0.6120796203613281,default
571,0.49193620681762695,default
572,0.47089338302612305,default
573,0.48351097106933594,default
574,0.5059375762939453,default
575,0.549950122833252,default
576,0.5497903823852539,default
577,0.49857473373413086,default
578,0.5294332504272461,default
579,0.6359429359436035,default
580,0.5994911193847656,default
581,0.5485177040100098,default
582,0.6090612411498988,default
583,0.6709933280944824,default
584,0.7279801368713379,default
585,0.7352252006530762,default
586,0.7142586708068848,default
587,0.7018136978149414,default
588,0.7743330001831055,default
589,0.8976378440856934,default
590,0.9298110008239746,default
591,0.9098176956176758,default
592,0.8701467514038086,default
593,0.9006328582763672,default
594,0.9394464492797852,default
595,0.8432412147521973,default
596,0.7268190383911133,default
597,0.6671013832092285,default
598,0.6911978721618652,default
599,0.7752213478088379,default
600,0.8045539855957031,default
601,0.8158278465270996,default
602,0.8923358917236328,default
603,0.9412922859191895,default
604,0.8637895584106445,default
605,0.7805299758911133,default
606,0.7921590805053711,default
607,0.8530669212341309,default
608,0.806663990020752,default
609,0.7167830467224121,default
610,0.8271274566650391,default
611,0.9179964065551722,default
612,0.8548460006713867,default
613,0.7855567932128906,default
614,0.7055916786193848,default
615,0.7207174301147461,default
616,0.9041547775268555,default
617,1.007187843322754,default
618,0.9431791305541992,default
619,0.9009237289428711,default
620,0.9337935447692871,default
621,0.9651222229003906,default
622,0.9976568222045898,default
623,1.0995678901672363,default
624,1.1405682563781774,default
625,1.0450444221496582,default
626,1.006516933441162,default
627,1.0227298736572266,default
628,1.0247535705566406,default
629,0.9937005043029785,default
630,0.8907136917114258,default
631,0.8329935073852539,default
632,0.841583251953125,default
633,0.8967857360839844,default
634,0.9236922264099121,default
635,0.7927918434143066,default
636,0.6321873664855957,default
637,0.572298526763916,default
638,0.6000075340270996,default
639,0.6025776863098145,default
640,0.5105247497558594,default
641,0.48276710510253906,default
642,0.5536060333251953,default
643,0.5794363021850586,default
644,0.5352411270141602,default
645,0.4411025047302246,default
646,0.3577566146850586,default
647,0.35206031799316406,default
648,0.3283686637878418,default
649,0.3426060676574707,default
650,0.44042253494262695,default
651,0.47217750549316406,default
652,0.4250755310058594,default
653,0.35703563690185547,default
654,0.3381776809692383,default
655,0.4248237609863281,default
656,0.4845461845397949,default
657,0.4276747703552246,default
658,0.4109668731689453,default
659,0.45310497283935547,default
660,0.4271659851074219,default
661,0.3771519660949707,default
662,0.3820052146911621,default
663,0.4232020378112793,default
664,0.4813957214355469,default
665,0.5044364929199219,default
666,0.45205259323120117,default
667,0.35234832763671875,default
668,0.34269094467163086,default
669,0.4017791748046875,default
670,0.44889116287231445,default
671,0.5665173530578613,default
672,0.5933756828308105,default
673,0.557037353515625,default
674,0.6687717437744141,default
675,0.7028679847717285,default
676,0.6518936157226562,default
677,0.7007575035095215,default
678,0.7077264785766602,default
679,0.6473484039306641,default
680,0.6215786933898926,default
681,0.6497616767883301,default
682,0.773414134979248,default
683,0.8844590187072754,default
684,0.8623394966125488,default
685,0.8376431465148926,default
686,0.8951382637023926,default
687,1.0115785598754883,default
688,1.0534939765930176,default
689,0.9720644950866699,default
690,0.9481215476989746,default
691,1.0327448844909668,default
692,1.1560392379760742,default
693,1.2222347259521484,default
694,1.170127391815182,default
695,1.1345267295837402,default
696,1.1581149101257324,default
697,1.2159819602966309,default
698,1.2896308898925781,default
699,1.2294702529907227,default
700,1.1774873733520508,default
701,1.2764472961425781,default
702,1.308896541595459,default
703,1.363814353942871,default
704,1.4176836013793945,default
705,1.329261302947998,default
706,1.276219367980957,default
707,1.2443366050720215,default
708,1.2756352424621582,default
709,1.292586326599121,default
710,1.3058733940124512,default
711,1.3784708976745605,default
712,1.4220309257507324,default
713,1.5075926780700684,default
714,1.4828248023986816,default
715,1.4285521507263184,default
716,1.457108974456787,default
717,1.428755760192871,default
718,1.4650816917419434,default
719,1.5577411651611328,default
720,1.60369873046875,default
721,1.6477694511413574,default
722,1.645188331604004,default
723,1.5810117721557617,default
724,1.5736632347106934,default
725,1.5972037315368652,default
726,1.5762982368469238,default
727,1.6050190925598145,default
728,1.665754795074463,default
729,1.6885967254638672,default
730,1.6307320594787562,default
731,1.577840805053711,default
732,1.599745273590088,default
733,1.6171865463256836,default
734,1.6966571807861328,default
735,1.8073663711547852,default
736,1.7397656440734863,default
737,1.573012351989746,default
738,1.6480259895324707,default
739,1.7919979095458984,default
740,1.7887578010559082,default
741,1.7902188301086426,default
742,1.799384593963623,default
743,1.8291020393371582,default
744,1.856095314025879,default
745,1.8891324996948278,default
746,1.9902753829956055,default
747,2.05806303024292,default
748,2.062783718109131,default
749,2.0657401084899902,default
750,2.039567470550537,default
751,1.9943103790283239,default
752,2.053760528564453,default
753,2.1594743728637695,default
754,2.1881103515625,default
755,2.2195777893066406,default
756,2.187286853790283,default
757,2.1283278465270996,default
758,2.1232686042785645,default
759,2.18208646774292,default
760,2.3090109825134277,default
761,2.3647584915161133,default
762,2.5024843215942383,default
763,2.543781280517578,default
764,2.353738784790039,default
765,2.3099870681762695,default
766,2.2964119911193848,default
767,2.255539894104004,default
768,2.3811731338500977,default
769,2.5632572174072266,default
770,2.6252903938293457,default
771,2.582998752593994,default
772,2.5612921714782715,default
773,2.560173511505127,default
774,2.599654197692871,default
775,2.6154046058654785,default
776,2.580432891845703,default
777,2.5978212356567383,default
778,2.5841803550720215,default
779,2.538405418395996,default
780,2.475109100341797,default
781,2.5987377166748047,default
782,2.4754385948181152,default
783,2.6275110244750977,default
784,2.724428176879883,default
785,2.744445323944092,default
786,2.6638870239257812,default
787,2.605862617492676,default
788,2.63399600982666,default
789,2.755147933959961,default
790,2.849775791168213,default
791,2.8093953132629395,default
792,2.7002649307250977,default
793,2.649068832397461,default
794,2.767350196838379,default
795,2.8764710426330566,default
796,2.846683502197262,default
797,2.811830997467041,default
798,2.7700486183166504,default
799,2.7496719360351562,default
800,2.8116612434387207,default
801,2.8258895874023438,default
802,2.7717905044555664,default
803,2.725395679473877,default
804,2.7268753051757812,default
805,2.7565627098083496,default
806,2.778604507446289,default
807,2.8592886924743652,default
808,2.8988661766052246,default
809,2.8148646354675293,default
810,2.7869133949279785,default
811,2.831637382507324,default
812,2.815330982208252,default
813,2.7887778282165527,default
814,2.8203516006469727,default
815,2.8525686264038086,default
816,2.846029758453369,default
817,2.8910164833068848,default
818,2.9340763092041016,default
819,2.875998020172119,default
820,2.9510779380798375,default
821,3.078622817993164,default
822,3.048588275909424,default
823,2.987725257873535,default
824,2.947139263153076,default
825,2.9428906440734863,default
826,2.9317173957824707,default
827,2.897350788116455,default
828,2.900196075439453,default
829,2.9766221046447754,default
830,3.0140380859375,default
831,2.957737922668457,default
832,2.9508533477783203,default
833,2.9783968925476074,default
834,3.0314369201660156,default
835,3.0870862007141113,default
836,3.053813934326172,default
837,2.9773335456848145,default
838,2.9723567962646484,default
839,3.030681610107422,default
840,3.0903711318969727,default
841,3.0992236137390137,default
842,3.0812673568725586,default
843,3.0353384017944336,default
844,2.9621682167053223,default
845,3.0660319328308105,default
846,3.240116596221924,default
847,3.202119827270508,default
848,3.0344290733337402,default
849,2.9722375869750977,default
850,3.042694568634033,default
851,3.1102404594421387,default
852,3.142068386077881,default
853,3.180485248565674,default
854,3.218029022216797,default
855,3.2101097106933594,default
856,3.1345090866088867,default
857,3.075916290283203,default
858,3.058950424194336,default
859,2.985278606414795,default
860,2.9232592582702637,default
861,2.9454431533813477,default
862,2.9956130981445312,default
863,3.0105319023132324,default
864,2.97998046875,default
865,2.9845528602600098,default
866,2.9829931259155273,default
867,2.9415078163146973,default
868,2.9331912994384766,default
869,2.905148983001709,default
870,2.8579912185668945,default
871,2.907001495361328,default
872,2.976438045501709,default
873,2.960368156433102,default
874,2.9341573715209925,default
875,2.940735340118408,default
876,2.951159954071045,default
877,2.92276668548584,sitting
878,2.876941204071045,sitting
879,2.871978759765625,sitting
880,2.9169187545776367,sitting
881,2.9881348609924316,sitting
882,2.949812889099121,sitting
883,2.800356388092041,sitting
884,2.709354877471924,sitting
885,2.6872782707214355,sitting
886,2.68253231048584,sitting
887,2.7029471397399902,sitting
888,2.7082228660583496,sitting
889,2.687361240386963,sitting
890,2.708883762359619,sitting
891,2.7212562561035156,sitting
892,2.720426082611084,sitting
893,2.7708969116210938,sitting
894,2.7554097175598145,sitting
895,2.65622615814209,sitting
896,2.6516175270080566,sitting
897,2.6540164947509766,sitting
898,2.6292099952697754,sitting
899,2.69598388671875,sitting
900,2.675832748413086,sitting
901,2.606797218322754,sitting
902,2.597691535949707,sitting
903,2.5711965560913086,sitting
904,2.605654716491699,sitting
905,2.6702938079833984,sitting
906,2.6321887969970703,sitting
907,2.627073287963867,sitting
908,2.6522111892700195,sitting
909,2.6240806579589844,sitting
910,2.7302961349487305,sitting
911,2.7908220291137695,sitting
912,2.6364569664001465,sitting
913,2.576063632965088,sitting
914,2.669912815093994,sitting
915,2.736072540283203,sitting
916,2.7828783988952637,sitting
917,2.772970199584961,sitting
918,2.6836252212524414,sitting
919,2.673306941986084,sitting
920,2.7275443077087402,sitting
921,2.698307514190674,sitting
922,2.6464133262634277,sitting
923,2.659742832183838,sitting
924,2.759821891784668,sitting
925,2.9190335273742676,sitting
926,2.9584474563598633,sitting
927,2.885075569152832,sitting
928,2.852482318878174,sitting
929,2.8979530334472656,sitting
930,2.9591598510742188,sitting
931,2.986664295196533,sitting
932,3.0361671447753906,sitting
933,3.045741558074951,sitting
934,2.955204486846924,sitting
935,2.959260940551758,sitting
936,3.0170135498046875,sitting
937,2.9315314292907715,sitting
938,2.876204490661621,sitting
939,2.9417624473571777,sitting
940,2.967536449432373,sitting
941,2.9961252212524414,sitting
942,3.063620090484619,sitting
943,3.098172664642334,sitting
944,3.099085807800293,sitting
945,3.0033817291259766,sitting
946,2.8999223709106445,sitting
947,2.90673828125,sitting
948,2.931173801422119,sitting
949,2.9627838134765625,sitting
950,2.9880566596984863,sitting
951,2.9767589569091797,sitting
952,2.9920859336853027,sitting
953,3.053978443145752,sitting
954,3.0795793533325195,sitting
955,3.018855571746826,sitting
956,3.0097451210021973,sitting
957,3.0622286796569824,sitting
958,3.1100964546203613,sitting
959,3.1104536056518555,sitting
960,3.0088729858398438,sitting
961,2.858236789703369,sitting
962,2.805974006652832,sitting
963,2.9169764518737793,sitting
964,2.976447105407715,sitting
965,2.895918369293213,sitting
966,2.777379035949707,sitting
967,2.745985984802246,sitting
968,2.7873101234436035,sitting
969,2.7583041191101074,sitting
970,2.759915351867676,sitting
971,2.804248332977295,sitting
972,2.7898292541503906,sitting
973,2.816685199737549,sitting
974,2.8808059692382812,sitting
975,2.9141182899475098,sitting
976,2.9186577796936035,sitting
977,2.9022626876831055,sitting
978,2.9242310523986816,sitting
979,2.929332733154297,sitting
980,2.878950595855713,sitting
981,2.7466940879821777,sitting
982,2.9214444160461426,sitting
983,2.7725753784179688,sitting
984,2.9247336387634313,sitting
985,2.9786529541015625,sitting
986,3.087231159210205,sitting
987,3.089539051055908,sitting
988,2.9765725135803223,sitting
989,2.9628376960754395,sitting
990,2.998497486114502,sitting
991,3.000598907470703,sitting
992,3.028491497039795,sitting
993,3.0386152267456055,sitting
994,3.0696792602539062,sitting
995,3.0682129859924316,sitting
996,2.940937042236328,sitting
997,2.897348403930664,sitting
998,2.9898476600646973,sitting
999,3.0223164558410645,sitting
1000,2.9996156692504883,sitting
1001,3.0297369956970215,sitting
1002,3.0345935821533203,sitting
1003,3.0184779167175293,sitting
1004,3.0880141258239746,sitting
1005,3.138744831085205,sitting
1006,3.171351432800293,sitting
1007,3.310305595397949,sitting
1008,3.419668674468994,sitting
1009,3.3910937309265137,sitting
1010,3.3571419715881348,sitting
1011,3.384079933166504,sitting
1012,3.3893232345581055,sitting
1013,3.308504104614258,sitting
1014,3.316208839416504,sitting
1015,3.477458953857422,sitting
1016,3.4664077758789062,sitting
1017,3.3804311752319336,sitting
1018,3.503178596496582,sitting
1019,3.597898483276367,sitting
1020,3.588686466217041,sitting
1021,3.5385780334472656,sitting
1022,3.528289318084717,sitting
1023,3.6618890762329137,sitting
1024,3.732241630554199,sitting
1025,3.7800660133361816,sitting
1026,3.9181885719299316,sitting
1027,3.8925552368164062,sitting
1028,3.805370807647705,sitting
1029,3.916365146636963,sitting
1030,4.070372581481934,sitting
1031,4.1037163734436035,sitting
1032,3.9809885025024414,sitting
1033,3.8845133781433105,sitting
1034,3.8918862342834473,sitting
1035,3.903916358947754,sitting
1036,3.9700512886047363,sitting
1037,3.939085006713867,sitting
1038,3.837672710418701,sitting
1039,3.8778367042541504,sitting
1040,3.9130234718322754,sitting
1041,3.883516311645508,sitting
1042,3.866824150085449,sitting
1043,3.8532285690307617,sitting
1044,3.8573617935180664,sitting
1045,3.898407459259033,sitting
1046,3.93455171585083,sitting
1047,3.9456963539123535,sitting
1048,3.9690895080566406,sitting
1049,3.926908493041992,sitting
1050,3.843492031097412,sitting
1051,3.9123353958129883,sitting
1052,3.9879283905029297,sitting
1053,3.932980537414551,sitting
1054,3.9725608825683594,sitting
1055,4.03627347946167,sitting
1056,4.019645690917972,sitting
1057,4.014657020568848,sitting
1058,4.007911205291748,sitting
1059,3.9859871864318848,sitting
1060,3.935304641723633,sitting
1061,3.9094791412353516,sitting
1062,3.9633846282958984,sitting
1063,3.989665985107422,sitting
1064,3.954409122467041,sitting
1065,3.9476518630981445,sitting
1066,3.955676555633545,sitting
1067,4.013299465179443,sitting
1068,4.06803560256958,sitting
1069,3.996058464050293,sitting
1070,3.975658416748047,sitting
1071,4.027238368988037,sitting
1072,3.953979015350342,sitting
1073,3.9049782752990723,sitting
1074,3.9871177673339844,sitting
1075,4.026472568511963,sitting
1076,4.011973857879639,sitting
1077,4.036540508270264,sitting
1078,4.019669532775879,sitting
1079,3.901333808898926,sitting
1080,3.7982845306396484,sitting
1081,3.864121437072754,sitting
1082,4.026878356933594,sitting
1083,4.070355415344238,sitting
1084,3.9895987510681152,sitting
1085,3.9230828285217285,sitting
1086,3.913590908050537,sitting
1087,3.864147663116455,sitting
1088,3.7551660537719727,sitting
1089,3.6783337593078613,sitting
1090,3.728639602661133,sitting
1091,3.790229320526123,sitting
1092,3.743551731109619,sitting
1093,3.6997175216674805,sitting
1094,3.6902737617492676,sitting
1095,3.695979595184326,sitting
1096,3.617298126220703,sitting
1097,3.4501876831054688,sitting
1098,3.4256348609924316,sitting
1099,3.5361390113830566,sitting
1100,3.5366249084472656,sitting
1101,3.464780330657959,sitting
1102,3.355036735534668,sitting
1103,3.1851143836975098,sitting
1104,3.1695327758789062,sitting
1105,3.246737480163574,sitting
1106,3.2259888648986816,sitting
1107,3.1875162124633754,sitting
1108,3.1871290206909144,sitting
1109,3.1948947906494105,sitting
1110,3.1985669136047363,sitting
1111,3.1682653427124023,sitting
1112,3.1793394088745117,sitting
1113,3.261834144592285,sitting
1114,3.180217742919922,sitting
1115,3.023712158203125,sitting
1116,3.0114059448242188,sitting
1117,2.9808640480041504,sitting
1118,3.04343843460083,sitting
1119,3.2117085456848145,sitting
1120,3.2614197731018066,sitting
1121,3.229276180267334,sitting
1122,3.0876083374023438,sitting
1123,2.9761123657226562,sitting
1124,3.0223894119262695,sitting
1125,3.0313796997070312,sitting
1126,2.9882798194885254,sitting
1127,3.045074939727783,sitting
1128,3.250089168548584,sitting
1129,3.3647775650024414,sitting
1130,3.2985382080078125,sitting
1131,3.199431896209717,sitting
1132,2.1820223874841,sitting
1133,2.1598935758238085,sitting
1134,2.1376444765310687,sitting
1135,2.115276182841626,sitting
1136,2.092789787991201,sitting
1137,2.070186385215532,sitting
1138,2.047467067750347,sitting
1139,2.0246329288313873,sitting
1140,2.0016850616943778,sitting
1141,1.9786245595750636,sitting
1142,1.9554525157091618,sitting
1143,1.9321700233324108,sitting
1144,1.9087781756805384,sitting
1145,1.8852780659892936,sitting
1146,1.8616707874943863,sitting
1147,1.8379574334315585,sitting
1148,1.8141390970365556,sitting
1149,1.7902168715451054,sitting
1150,1.7661918501929215,sitting
1151,1.7420651262157563,sitting
1152,1.7178377928493376,sitting
1153,1.6935109433293967,sitting
1154,1.6690856708916613,sitting
1155,1.6445630687718626,sitting
1156,1.6199442302057498,sitting
1157,1.5952302484290435,sitting
1158,1.5704222166774713,sitting
1159,1.5455212281867823,sitting
1160,1.520528376192697,sitting
1161,1.495444753930947,sitting
1162,1.4702714546372633,sitting
1163,1.4450095715473914,sitting
1164,1.4196601978970556,sitting
1165,1.3942244269219835,sitting
1166,1.368703351857917,sitting
1167,1.3430980659405876,sitting
1168,1.3174096624057121,sitting
1169,1.291639234489054,sitting
1170,1.2657878754263194,sitting
1171,1.239856678453254,sitting
1172,1.2138467368055856,sitting
1173,1.1877591437190418,sitting
1174,1.1615949924293645,sitting
1175,1.1353553761722814,sitting
1176,1.1090413881835346,sitting
1177,1.0826541216988375,sitting
1178,1.0561946699539426,sitting
1179,1.02966412618456,sitting
1180,1.0030635836264494,sitting
1181,0.9763941355153243,sitting
1182,0.949656875086923,sitting
1183,0.9228528955769768,sitting
1184,0.8959832902212312,sitting
1185,0.8690491522553927,sitting
1186,0.8420515749152173,sitting
1187,0.8149916514364328,sitting
1188,0.7878704750547598,sitting
1189,0.7606891390059367,sitting
1190,0.733448736525709,sitting
1191,0.7061503608497937,sitting
1192,0.6787951052139185,sitting
1193,0.6513840628538432,sitting
1194,0.6239183270052777,sitting
1195,0.5963989909039569,sitting
1196,0.5688271477856262,sitting
1197,0.541203890885992,sitting
1198,0.513530313440814,sitting
1199,7.871974945068359,sitting
1200,7.8611860275268555,sitting
1201,7.859981536865234,sitting
1202,8.030475616455078,sitting
1203,8.209442138671875,sitting
1204,8.059191703796387,sitting
1205,7.778790473937988,sitting
1206,7.614256858825684,sitting
1207,7.486603736877441,sitting
1208,7.226239204406738,sitting
1209,6.82314395904541,sitting
1210,5.448713779449463,sitting
1211,3.10992431640625,sitting
1212,1.9081511497497559,sitting
1213,1.8367958068847656,sitting
1214,1.7344388961791992,sitting
1215,1.9036760330200195,sitting
1216,2.1761903762817383,sitting
1217,2.0581979751586914,sitting
1218,1.8144397735595703,sitting
1219,1.6850152015686035,sitting
1220,1.6528515815734863,sitting
1221,1.7531709671020508,sitting
1222,1.8106184005737305,sitting
1223,1.5698423385620117,sitting
1224,1.235903263092041,sitting
1225,1.1601929664611816,sitting
1226,1.1978578567504883,sitting
1227,1.0346055030822754,sitting
1228,0.8710064888000488,sitting
1229,0.6990079879760742,sitting
1230,0.27134037017822266,sitting
1231,0.023080825805664062,sitting
1232,0.04172325134277344,sitting
1233,-0.029063701629638672,sitting
1234,-0.21851778030395508,sitting
1235,-0.3862800598144531,sitting
1236,-0.35322141647338867,sitting
1237,-0.4272603988647461,sitting
1238,-0.7881245613098145,sitting
1239,-0.9913420677185059,sitting
1240,-0.9889445304870605,sitting
1241,-1.0498757362365723,sitting
1242,-1.22450590133667,sitting
1243,-1.384592056274414,sitting
1244,-1.629441261291504,sitting
1245,-1.843574047088623,sitting
1246,-1.738053321838379,sitting
1247,-1.6646833419799805,sitting
1248,-1.7902145385742188,sitting
1249,-1.9256739616394043,sitting
1250,-2.0443005561828613,sitting
1251,-2.111452102661133,sitting
1252,-2.209713935852051,sitting
1253,-2.382755756378174,sitting
1254,-2.568662166595459,sitting
1255,-2.684750556945801,sitting
1256,-2.6755504608154297,sitting
1257,-2.6574511528015137,sitting
1258,-2.7442445755004883,sitting
1259,-2.9216561317443848,sitting
1260,-2.9810218811035156,sitting
1261,-2.9869422912597656,sitting
1262,-3.195258617401123,sitting
1263,-3.390970230102539,sitting
1264,-3.3971819877624547,sitting
1265,-3.386031150817871,sitting
1266,-3.45443058013916,sitting
1267,-3.417203903198242,sitting
1268,-3.296769618988037,sitting
1269,-3.462501049041748,sitting
1270,-3.70803165435791,sitting
1271,-3.734922409057617,sitting
1272,-3.701235294342041,sitting
1273,-3.7138805389404297,sitting
1274,-3.817964553833008,sitting
1275,-3.8992552757263184,sitting
1276,-3.9250121116638184,sitting
1277,-3.984158992767334,sitting
1278,-4.053320884704593,sitting
1279,-3.992338180541992,sitting
1280,-3.919569492340088,sitting
1281,-4.075194835662842,sitting
1282,-4.260026931762695,sitting
1283,-4.395054340362549,sitting
1284,-4.528070449829102,sitting
1285,-4.577744007110596,sitting
1286,-4.4802093505859375,sitting
1287,-4.327498435974121,sitting
1288,-4.374265193939209,sitting
1289,-4.53333044052124,sitting
1290,-4.493377685546875,sitting
1291,-4.447704315185547,sitting
1292,-4.606265068054199,sitting
1293,-4.7164387702941895,sitting
1294,-4.592806816101074,sitting
1295,-4.494327068328857,sitting
1296,-4.668127536773682,sitting
1297,-4.805907249450684,sitting
1298,-4.664480209350586,sitting
1299,-4.5265793800354,sitting
1300,-4.647087574005127,sitting
1301,-4.776022434234619,sitting
1302,-4.8393659591674805,sitting
1303,-4.934614658355713,sitting
1304,-4.969788074493408,sitting
1305,-4.789425373077393,sitting
1306,-4.429878234863281,sitting
1307,-4.418996334075928,sitting
1308,-4.782026767730713,sitting
1309,-4.958189487457275,sitting
1310,-4.873419284820557,sitting
1311,-4.714667320251465,sitting
1312,-4.734865665435791,sitting
1313,-4.926759243011475,sitting
1314,-4.8644585609436035,sitting
1315,-4.667410850524902,sitting
1316,-4.7201642990112305,sitting
1317,-4.729328632354736,sitting
1318,-4.671685457229614,sitting
1319,-4.671685457229614,sitting
1320,-4.671685457229614,sitting
1321,-4.64152979850769,sitting
1322,-4.61262583732605,sitting
1323,-4.250115394592285,sitting
1324,-4.6156487464904785,sitting
1325,-4.675960063934326,sitting
1326,-4.609602928161621,sitting
1327,-4.590849876403809,sitting
1328,-4.687292575836182,sitting
1329,-4.77193021774292,sitting
1330,-4.4634318351745605,sitting
1331,-4.137336254119873,sitting
1332,-4.2665252685546875,sitting
1333,-4.517904281616211,sitting
1334,-4.438850402832031,sitting
1335,-4.1831440925598145,sitting
1336,-4.107619285583496,sitting
1337,-4.1994404792785645,sitting
1338,-4.354486465454102,sitting
1339,-4.434136390686035,sitting
1340,-4.393933296203613,sitting
1341,-4.295983791351318,sitting
1342,-4.201889514923096,sitting
1343,-4.243893146514893,sitting
1344,-4.340240478515625,sitting
1345,-4.274864196777344,sitting
1346,-3.951204776763916,sitting
1347,-3.6884779930114746,sitting
1348,-3.7959680557250977,sitting
1349,-3.8678746223449707,sitting
1350,-3.773491382598877,sitting
1351,-3.7699904441833496,sitting
1352,-3.829559326171875,sitting
1353,-3.9098854064941406,sitting
1354,-3.955057144165039,sitting
1355,-3.9569873809814453,sitting
1356,-3.949009895324707,sitting
1357,-3.9877090454101562,sitting
1358,-4.112861633300781,sitting
1359,-4.12533712387085,sitting
1360,-3.999469757080078,sitting
1361,-3.928058624267578,sitting
1362,-3.9530129432678187,sitting
1363,-4.023785591125485,sitting
1364,-4.119680881500244,sitting
1365,-4.138456344604492,sitting
1366,-4.048336029052734,sitting
1367,-4.015043258666992,sitting
1368,-4.010499477386475,sitting
1369,-4.107109546661377,sitting
1370,-4.336713790893555,sitting
1371,-4.541799068450928,sitting
1372,-4.709692001342773,sitting
1373,-4.731861591339111,sitting
1374,-4.638026237487793,sitting
1375,-4.623569488525391,sitting
1376,-4.636590957641602,sitting
1377,-4.552473068237305,sitting
1378,-4.509016036987305,sitting
1379,-4.620472431182861,sitting
1380,-4.754765510559082,sitting
1381,-4.738292217254639,sitting
1382,-4.619189739227295,sitting
1383,-4.550528049468994,sitting
1384,-4.518847942352295,sitting
1385,-4.424154758453369,sitting
1386,-4.3882985115051305,sitting
1387,-4.458209991455078,sitting
1388,-4.354865074157711,sitting
1389,-4.262541770935059,sitting
1390,-4.352570533752445,sitting
1391,-4.439126014709473,sitting
1392,-4.517451763153076,sitting
1393,-4.5004682540893555,sitting
1394,-4.495100975036621,sitting
1395,-4.532619953155518,sitting
1396,-4.43549108505249,sitting
1397,-4.29046630859375,sitting
1398,-4.283071517944336,sitting
1399,-4.45648717880249,sitting
1400,-4.527228355407715,sitting
1401,-4.356489658355713,sitting
1402,-4.2941670417785645,sitting
1403,-4.516654968261719,sitting
1404,-4.678891181945801,sitting
1405,-4.6160454750061035,sitting
1406,-4.546933650970459,sitting
1407,-4.44154167175293,sitting
1408,-4.135173320770264,sitting
1409,-4.070892810821533,sitting
1410,-4.391103744506836,sitting
1411,-4.532494068145752,sitting
1412,-4.53065824508667,sitting
1413,-4.587625503540039,sitting
1414,-4.508855819702148,sitting
1415,-4.354939460754391,sitting
1416,-4.309228420257568,sitting
1417,-4.252941608428955,sitting
1418,-4.306899070739746,sitting
1419,-4.526693344116211,sitting
1420,-4.563520431518555,sitting
1421,-4.504955768585205,sitting
1422,-4.529934883117676,sitting
1423,-4.5104169845581055,sitting
1424,-4.4435248374938965,sitting
1425,-4.332162380218506,sitting
1426,-4.255631446838379,sitting
1427,-4.299468040466309,sitting
1428,-4.340354919433594,sitting
1429,-4.394336700439453,sitting
1430,-4.399520397186279,sitting
1431,-4.3102288246154785,sitting
1432,-4.316521167755127,sitting
1433,-4.3578715324401855,sitting
1434,-4.312597751617432,sitting
1435,-4.294363498687744,sitting
1436,-4.289967060089111,sitting
1437,-4.333571434020996,sitting
1438,-4.401089668273926,sitting
1439,-4.360729217529297,sitting
1440,-4.315370559692383,sitting
1441,-4.228471755981445,sitting
1442,-4.125247478485107,sitting
1443,-4.1051506996154785,sitting
1444,-4.083651542663574,sitting
1445,-3.9993391036987305,sitting
1446,-3.9459543228149414,sitting
1447,-4.057759761810303,sitting
1448,-4.189732551574707,sitting
1449,-4.195308208465576,sitting
1450,-4.073060512542725,sitting
1451,-3.910295009613037,sitting
1452,-3.800014019012451,sitting
1453,-3.843380928039551,sitting
1454,-3.9796223640441895,sitting
1455,-4.039346694946289,sitting
1456,-4.152463436126709,sitting
1457,-4.272570610046387,sitting
1458,-4.2518720626831055,sitting
1459,-4.11881685256958,sitting
1460,-4.01248836517334,sitting
1461,-4.0749406814575195,sitting
1462,-4.134381294250488,sitting
1463,-4.143418312072754,sitting
1464,-4.294498920440674,sitting
1465,-4.409692287445068,sitting
1466,-4.432946681976318,sitting
1467,-4.521050453186035,sitting
1468,-4.517886161804199,sitting
1469,-4.485899925231934,sitting
1470,-4.546987056732178,sitting
1471,-4.624486923217773,sitting
1472,-4.664672374725342,sitting
1473,-4.575704097747803,sitting
1474,-4.435224533081058,sitting
1475,-4.437171459197998,sitting
1476,-4.575386524200436,sitting
1477,-4.649458885192871,sitting
1478,-4.60354471206665,sitting
1479,-4.506563186645508,sitting
1480,-4.479031085968018,sitting
1481,-4.595119476318359,sitting
1482,-4.605714797973633,sitting
1483,-4.493213176727295,sitting
1484,-4.495978832244873,sitting
1485,-4.650374412536621,sitting
1486,-4.7919793128967285,sitting
1487,-4.745010852813721,sitting
1488,-4.697391510009766,sitting
1489,-4.6848578453063965,sitting
1490,-4.591109275817871,sitting
1491,-4.54144811630249,sitting
1492,-4.619253158569336,sitting
1493,-4.742518901824951,sitting
1494,-4.799586772918701,sitting
1495,-4.88975191116333,sitting
1496,-4.943443298339844,sitting
1497,-4.853911399841309,sitting
1498,-4.883974552154541,sitting
1499,-5.063274383544922,sitting
1500,-5.202194690704346,sitting
1501,-5.2310791015625,sitting
1502,-5.01406192779541,sitting
1503,-4.801975250244141,sitting
1504,-5.0164265632629395,sitting
1505,-5.324219703674316,sitting
1506,-5.327578544616699,sitting
1507,-5.419742584228516,sitting
1508,-5.771899700164795,sitting
1509,-6.013033390045166,sitting
1510,-6.0791401863098145,sitting
1511,-5.943273544311523,sitting
1512,-5.806023597717285,sitting
1513,-5.979197025299072,sitting
1514,-6.1962761878967285,sitting
1515,-6.257065296173096,sitting
1516,-6.175508975982666,sitting
1517,-5.980831146240234,sitting
1518,-5.958955764770508,sitting
1519,-6.104489326477051,sitting
1520,-6.116414546966553,sitting
1521,-6.021020412445068,sitting
1522,-6.005525588989258,sitting
1523,-6.059807777404785,sitting
1524,-6.005484104156494,sitting
1525,-5.922759056091309,sitting
1526,-5.946402549743652,sitting
1527,-5.924389093970081,sitting
1528,-5.930722633862423,sitting
1529,-5.93698345354883,sitting
1530,-5.943171751587414,sitting
1531,-5.949287726536259,sitting
1532,-5.955331576953487,sitting
1533,-5.961303501397186,sitting
1534,-5.967203698425465,sitting
1535,-5.973032366596417,sitting
1536,-5.978789704468149,sitting
1537,-5.984475910598764,sitting
1538,-5.990091183546362,sitting
1539,-5.995635721869039,sitting
1540,-6.001109724124905,sitting
1541,-6.006513388872058,sitting
1542,-6.011846914668606,sitting
1543,-6.017110500072636,sitting
1544,-6.022304343642261,sitting
1545,-6.027428643935579,sitting
1546,-6.0324835995106945,sitting
1547,-6.0374694089257055,sitting
1548,-6.042386270738714,sitting
1549,-6.047234383507828,sitting
1550,-6.052013945791135,sitting
1551,-6.056725156146744,sitting
1552,-6.061368213132763,sitting
1553,-6.06594331530729,sitting
1554,-6.0704506612284135,sitting
1555,-6.074890449454266,sitting
1556,-6.079262878542906,sitting
1557,-6.083568147052471,sitting
1558,-6.087806453541045,sitting
1559,-6.091977996566744,sitting
1560,-6.096082974687654,sitting
1561,-6.100121586461874,sitting
1562,-6.1040940304475235,sitting
1563,-6.108000505202696,sitting
1564,-6.11184120928549,sitting
1565,-6.115616341254007,sitting
1566,-6.1193260996663525,sitting
1567,-6.122970683080624,sitting
1568,-6.126550290054929,sitting
1569,-6.130065119147357,sitting
1570,-6.133515368916019,sitting
1571,-6.1369012379190195,sitting
1572,-6.140222924714454,sitting
1573,-6.143480627860427,sitting
1574,-6.14667454591504,sitting
1575,-6.149804877436392,sitting
1576,-6.152871820982583,sitting
1577,-6.155875575111718,sitting
1578,-6.158816338381907,sitting
1579,-6.161694309351233,sitting
1580,-6.164509686577805,sitting
1581,-6.167262668619738,sitting
1582,-6.169953454035113,sitting
1583,-6.172582241382045,sitting
1584,-6.175149229218636,sitting
1585,-6.177654616102977,sitting
1586,-6.180098600593169,sitting
1587,-6.182481381247328,sitting
1588,-6.184803156623548,sitting
1589,-6.187064125279932,sitting
1590,-6.189264485774572,sitting
1591,-6.191404436665586,sitting
1592,-6.193484176511063,sitting
1593,-6.19550390386911,sitting
1594,-8.05700397491455,sitting
1595,-7.98425722122192,sitting
1596,-8.186999320983883,sitting
1597,-8.296977519989014,sitting
1598,-8.080202102661136,sitting
1599,-7.8444776535034215,sitting
1600,-7.743648529052734,sitting
1601,-7.664721965789795,sitting
1602,-7.746372699737549,sitting
1603,-7.930684566497803,sitting
1604,-7.910511016845703,sitting
1605,-7.8192138671875,sitting
1606,-7.7189459800720215,sitting
1607,-7.534386157989502,sitting
1608,-7.4675374031066895,sitting
1609,-7.531490802764893,sitting
1610,-7.56182861328125,sitting
1611,-7.574378967285156,sitting
1612,-7.4594645500183105,sitting
1613,-7.338559627532959,sitting
1614,-7.4194335937499964,sitting
1615,-7.479812622070309,sitting
1616,-7.3981828689575195,sitting
1617,-7.220402717590332,sitting
1618,-7.129049777984619,sitting
1619,-7.119686603546143,sitting
1620,-7.036046028137207,sitting
1621,-6.970428943634033,sitting
1622,-6.94605827331543,sitting
1623,-6.924705505371094,sitting
1624,-6.826120853424072,sitting
1625,-6.698584079742432,sitting
1626,-6.645016193389893,sitting
1627,-6.548429489135742,sitting
1628,-6.439360618591309,sitting
1629,-6.403188228607178,sitting
1630,-6.404548168182373,sitting
1631,-6.406064987182617,sitting
1632,-6.371422290802002,sitting
1633,-6.332444667816162,sitting
1634,-6.318943977355957,sitting
1635,-6.364809513092041,sitting
1636,-6.496829032897949,sitting
1637,-6.464945316314697,sitting
1638,-6.256559371948242,sitting
1639,-6.1839375495910645,sitting
1640,-6.029962062835697,sitting
1641,-5.820150852203373,sitting
1642,-5.846609592437744,sitting
1643,-5.786563873291016,sitting
1644,-5.709155082702637,sitting
1645,-5.900917053222656,sitting
1646,-6.051201820373535,sitting
1647,-6.049190998077393,sitting
1648,-5.948561191558838,sitting
1649,-5.791501045227051,sitting
1650,-5.830169677734375,sitting
1651,-5.817877292633057,sitting
1652,-5.557834148406982,sitting
1653,-5.393763542175293,sitting
1654,-5.355697154998779,sitting
1655,-5.299604415893555,sitting
1656,-5.20128870010376,sitting
1657,-5.161067008972168,sitting
1658,-5.2253499031066895,sitting
1659,-5.150894641876221,sitting
1660,-5.063443183898926,sitting
1661,-5.168519973754883,sitting
1662,-5.178468227386475,sitting
1663,-5.105561256408691,sitting
1664,-5.089719295501709,sitting
1665,-5.1356682777404785,sitting
1666,-5.297865390777588,sitting
1667,-5.341856002807621,sitting
1668,-5.318255424499512,sitting
1669,-5.453167915344238,sitting
1670,-5.46709680557251,sitting
1671,-5.399595260620117,sitting
1672,-5.512186527252197,sitting
1673,-5.590456962585449,sitting
1674,-5.547882556915283,sitting
1675,-5.549919128417969,sitting
1676,-5.531022548675537,sitting
1677,-5.5523681640625,sitting
1678,-5.691798686981201,sitting
1679,-5.754080295562744,sitting
1680,-5.758038520812988,sitting
1681,-5.71901273727417,sitting
1682,-5.749882698059082,sitting
1683,-5.870930194854736,sitting
1684,-5.90395450592041,sitting
1685,-5.836560249328617,sitting
1686,-5.744767665863041,sitting
1687,-5.85218715667725,sitting
1688,-6.0341901779174805,sitting
1689,-6.052684307098389,sitting
1690,-5.976817607879639,sitting
1691,-5.946330547332764,sitting
1692,-6.012146949768066,sitting
1693,-6.068107604980469,sitting
1694,-6.143328666687012,sitting
1695,-6.230751037597656,sitting
1696,-6.100801944732666,sitting
1697,-5.9436116218566895,sitting
1698,-6.0284647941589355,sitting
1699,-6.150173187255859,sitting
1700,-6.118759632110596,sitting
1701,-6.081800937652588,sitting
1702,-6.176157474517822,sitting
1703,-6.171722412109375,sitting
1704,-6.085411548614502,sitting
1705,-6.15917444229126,sitting
1706,-6.169782638549805,sitting
1707,-6.036330223083496,sitting
1708,-6.15117335319519,sitting
1709,-6.041835308074951,sitting
1710,-6.146595478057861,sitting
1711,-6.153329372406006,sitting
1712,-6.111080646514893,sitting
1713,-6.195887565612793,sitting
1714,-6.230120658874512,sitting
1715,-6.186069011688232,sitting
1716,-6.166148662567139,sitting
1717,-6.1521735191345215,sitting
1718,-6.230009078979492,sitting
1719,-6.283818244934082,sitting
1720,-6.2341694831848145,sitting
1721,-6.196890354156494,sitting
1722,-6.202261924743652,sitting
1723,-6.2874979972839355,sitting
1724,-6.362077236175537,sitting
1725,-6.236177444458008,sitting
1726,-6.106424331665039,sitting
1727,-6.175715923309326,sitting
1728,-6.180984973907471,sitting
1729,-6.076365470886234,sitting
1730,-6.074869632720951,sitting
1731,-6.187930583953861,sitting
1732,-6.244166374206543,sitting
1733,-6.161386489868164,sitting
1734,-6.259461879730225,sitting
1735,-6.568518161773682,sitting
1736,-6.588742733001709,sitting
1737,-6.375972747802734,sitting
1738,-6.4074320793151855,sitting
1739,-6.58186149597168,sitting
1740,-6.454682350158691,sitting
1741,-6.19420051574707,sitting
1742,-6.268651485443115,sitting
1743,-6.529867649078369,sitting
1744,-6.699188709259033,sitting
1745,-6.77074670791626,sitting
1746,-6.75548791885376,sitting
1747,-6.697364330291748,sitting
1748,-6.6547970771789515,sitting
1749,-6.627510070800778,sitting
1750,-6.636524677276611,sitting
1751,-6.710177898406982,sitting
1752,-6.71869421005249,sitting
1753,-6.645448684692383,sitting
1754,-6.587747097015381,sitting
1755,-6.475607395172119,sitting
1756,-6.374153137207031,sitting
1757,-6.40813684463501,sitting
1758,-6.399616241455078,sitting
1759,-6.301528453826904,sitting
1760,-6.229929447174072,sitting
1761,-6.208193302154541,sitting
1762,-6.252124786376953,sitting
1763,-6.197710037231445,sitting
1764,-6.025407791137695,sitting
1765,-5.864686489105225,sitting
1766,-5.729351997375488,sitting
1767,-5.742958068847656,sitting
1768,-5.85595178604126,sitting
1769,-5.84779596328735,sitting
1770,-5.740113735198971,sitting
1771,-5.656245231628414,sitting
1772,-5.584233283996582,sitting
1773,-5.52829122543335,sitting
1774,-5.540142059326172,sitting
1775,-5.562938690185547,sitting
1776,-5.517199993133545,sitting
1777,-5.440737247467041,sitting
1778,-5.441133499145508,sitting
1779,-5.460261821746826,sitting
1780,-5.418666362762451,sitting
1781,-5.361406326293945,sitting
1782,-5.336070537567139,sitting
1783,-5.287224769592285,sitting
1784,-5.1984992027282715,sitting
1785,-5.1965765953063965,sitting
1786,-5.240029335021973,sitting
1787,-5.269321441650391,sitting
1788,-5.251728057861328,sitting
1789,-5.168406963348389,sitting
1790,-5.142098903656006,sitting
1791,-5.138205528259277,sitting
1792,-5.046278953552246,sitting
1793,-4.942352771759033,sitting
1794,-4.963583469390869,sitting
1795,-5.020704746246334,sitting
1796,-4.9199571609497035,sitting
1797,-4.8434319496154785,sitting
1798,-4.9751739501953125,sitting
1799,-5.0408735275268555,sitting
1800,-4.901310443878174,sitting
1801,-4.759911060333252,sitting
1802,-4.731413841247559,sitting
1803,-4.773748874664307,sitting
1804,-4.813380241394043,sitting
1805,-4.805222511291504,sitting
1806,-4.8165154457092285,sitting
1807,-4.819689750671387,sitting
1808,-4.705432415008545,sitting
1809,-4.696046829223633,sitting
1810,-4.748988151550293,sitting
1811,-4.704262733459473,sitting
1812,-4.71904993057251,sitting
1813,-4.742283821105957,sitting
1814,-4.771706581115723,sitting
1815,-4.839478969573975,sitting
1816,-4.875569820404053,sitting
1817,-4.825987815856934,sitting
1818,-4.768430233001709,sitting
1819,-4.757264614105225,sitting
1820,-4.6735968589782715,sitting
1821,-4.614527702331543,sitting
1822,-4.684363842010498,sitting
1823,-4.7705512046813965,sitting
1824,-4.755604267120361,sitting
1825,-4.775240421295166,sitting
1826,-4.858827590942383,sitting
1827,-4.809749126434326,sitting
1828,-4.742279529571533,sitting
1829,-4.720062255859375,sitting
1830,-4.671489238739014,sitting
1831,-4.707252025604248,sitting
1832,-4.850762844085693,sitting
1833,-4.866294860839844,sitting
1834,-4.7162089347839355,sitting
1835,-4.706760883331299,sitting
1836,-4.825860500335693,sitting
1837,-4.864767074584961,sitting
1838,-4.820013999938965,sitting
1839,-4.7873053550720215,sitting
1840,-4.772985458374023,sitting
1841,-4.6953592300415,sitting
1842,-4.614551067352295,sitting
1843,-4.598296165466309,sitting
1844,-4.530322551727295,sitting
1845,-4.441996097564697,sitting
1846,-4.521305084228516,sitting
1847,-4.549524784088135,sitting
1848,-4.3989033699035645,sitting
1849,-4.290922164916992,sitting
1850,-4.330080509185791,sitting
1851,-5.286465154717217,sitting
1852,-5.279627099110101,sitting
1853,-5.27278065612197,sitting
1854,-5.265926024310911,sitting
1855,-5.259063402235032,sitting
1856,-5.252192988452432,sitting
1857,-5.245314981521208,sitting
1858,-5.238429579999465,sitting
1859,-5.231536982445316,sitting
1860,-5.224637387416845,sitting
1861,-5.217730993472163,sitting
1862,-5.210817999169368,sitting
1863,-5.203898603066563,sitting
1864,-5.196973003721855,sitting
1865,-5.190041399693339,sitting
1866,-5.183103989539113,sitting
1867,-5.176160971817289,sitting
1868,-5.169212545085966,sitting
1869,-5.16225890790324,sitting
1870,-5.155300258827207,sitting
1871,-5.148336796415979,sitting
1872,-5.141368719227664,sitting
1873,-5.134396225820353,sitting
1874,-5.127419514752145,sitting
1875,-5.120438784581147,sitting
1876,-5.113454233865458,sitting
1877,-5.106466061163182,sitting
1878,-5.099474465032426,sitting
1879,-5.0924796440312825,sitting
1880,-5.085481796717847,sitting
1881,-5.078481121650238,sitting
1882,-5.071477817386551,sitting
1883,-5.06447208248488,sitting
1884,-5.057464115503333,sitting
1885,-5.050454115000015,sitting
1886,-5.043442279533021,sitting
1887,-5.036428807660453,sitting
1888,-5.029413897940412,sitting
1889,-5.022397748931006,sitting
1890,-5.0153805591903335,sitting
1891,-5.008362527276489,sitting
1892,-5.001343851747588,sitting
1893,-4.994324731161715,sitting
1894,-4.987305364076992,sitting
1895,-4.980285949051506,sitting
1896,-4.973266684643349,sitting
1897,-4.9662477694106535,sitting
1898,-4.959229401911493,sitting
1899,-4.952211780703983,sitting
1900,-4.945195104346215,sitting
1901,-4.938179571396297,sitting
1902,-4.931165380412338,sitting
1903,-4.924152729952429,sitting
1904,-4.917141818574677,sitting
1905,-4.910132844837179,sitting
1906,-4.903126007298031,sitting
1907,-4.896121504515349,sitting
1908,-4.889119535047225,sitting
1909,-4.88212029745176,sitting
1910,-4.875123990287065,sitting
1911,-4.868130812111239,sitting
1912,-4.8611409614823735,sitting
1913,-4.854154636958576,sitting
1914,-3.9438390731811523,sitting
1915,-4.082925796508789,sitting
1916,-4.410529136657715,sitting
1917,-4.532592296600342,sitting
1918,-4.514111518859863,sitting
1919,-4.603137493133545,sitting
1920,-4.6049675941467285,sitting
1921,-4.521313667297363,sitting
1922,-4.490147113800049,sitting
1923,-4.482854843139648,sitting
1924,-4.465627670288086,sitting
1925,-4.456417560577393,sitting
1926,-4.559037208557129,sitting
1927,-4.671555995941162,sitting
1928,-4.693640708923336,sitting
1929,-4.654884338378906,sitting
1930,-4.65459680557251,sitting
1931,-4.786360740661621,sitting
1932,-4.927915573120117,sitting
1933,-4.957482814788818,sitting
1934,-4.995930194854736,sitting
1935,-5.138470649719238,sitting
1936,-5.207129001617432,sitting
1937,-5.173255920410156,sitting
1938,-5.12669563293457,sitting
1939,-5.210684776306152,sitting
1940,-5.371325492858883,sitting
1941,-5.351602077484131,sitting
1942,-5.358036518096924,sitting
1943,-5.43196964263916,sitting
1944,-5.38360071182251,sitting
1945,-5.34016752243042,sitting
1946,-5.441461086273193,sitting
1947,-5.535115718841553,sitting
1948,-5.436074733734131,sitting
1949,-5.3260064125061035,sitting
1950,-5.321971416473389,sitting
1951,-5.279915332794193,sitting
1952,-5.2140583992004395,sitting
1953,-5.245563507080078,sitting
1954,-5.416901588439941,sitting
1955,-5.500582695007324,sitting
1956,-5.393706321716309,sitting
1957,-5.359333515167236,sitting
1958,-5.396777629852295,sitting
1959,-5.422298431396484,sitting
1960,-5.3922648429870605,sitting
1961,-5.374711513519287,sitting
1962,-5.47776460647583,sitting
1963,-5.476503849029541,sitting
1964,-5.327919960021973,sitting
1965,-5.257206439971924,sitting
1966,-5.230339527130127,sitting
1967,-5.262809753417969,sitting
1968,-5.3915300369262695,sitting
1969,-5.450921535491943,sitting
1970,-5.390069961547852,sitting
1971,-5.261146545410156,sitting
1972,-5.182245254516602,sitting
1973,-5.303083419799805,sitting
1974,-5.454775810241696,sitting
1975,-5.424751281738281,sitting
1976,-5.4051384925842285,sitting
1977,-5.397122383117672,sitting
1978,-5.430992603301998,sitting
1979,-5.541504383087158,sitting
1980,-5.542757034301758,sitting
1981,-5.531467437744141,sitting
1982,-5.526455402374268,sitting
1983,-5.399970054626465,sitting
1984,-5.297461986541748,sitting
1985,-5.377201080322266,sitting
1986,-5.4618330001831055,sitting
1987,-5.480434894561768,sitting
1988,-5.451298713684082,sitting
1989,-5.3250412940979,sitting
1990,-5.2319841384887695,sitting
1991,-5.163377285003659,sitting
1992,-5.080201625823975,sitting
1993,-5.080536842346191,sitting
1994,-5.067049503326416,sitting
1995,-5.028004169464111,sitting
1996,-5.019664764404297,sitting
1997,-4.965408802032471,sitting
1998,-4.854790210723877,sitting
1999,-4.790039539337158,sitting
2000,-4.8828816413879395,sitting
2001,-5.008677959442139,sitting
2002,-4.9702959060668945,sitting
2003,-4.865355014801025,sitting
2004,-4.84303092956543,sitting
2005,-4.815086841583252,sitting
2006,-4.780030250549316,sitting
2007,-4.756714344024658,sitting
2008,-4.688290119171143,sitting
2009,-4.640890598297119,sitting
2010,-4.675316333770752,sitting
2011,-4.7190070152282715,sitting
2012,-4.723959445953369,sitting
2013,-4.6208720207214355,sitting
2014,-4.548742294311523,sitting
2015,-4.669996738433838,sitting
2016,-4.6941633224487305,sitting
2017,-4.665225982666016,sitting
2018,-4.685812950134277,sitting
2019,-4.5940141677856445,sitting
2020,-4.482601165771484,sitting
2021,-4.453240871429443,sitting
2022,-4.455037593841553,sitting
2023,-4.4607014656066895,sitting
2024,-4.424574375152588,sitting
2025,-4.275881290435791,sitting
2026,-4.079623222351074,sitting
2027,-3.824932098388672,sitting
2028,-3.590074062347412,sitting
2029,-3.679332733154297,sitting
2030,-3.9026308059692383,sitting
2031,-3.9542064666748047,sitting
2032,-4.015112400054932,sitting
2033,-3.998951911926273,sitting
2034,-3.8144431114196777,sitting
2035,-3.7110466957092285,sitting
2036,-3.8123679161071777,sitting
2037,-3.8512682914733887,sitting
2038,-3.6726341247558594,sitting
2039,-3.6722059249877894,sitting
2040,-3.825399398803711,sitting
2041,-3.896312713623047,sitting
2042,-3.9547362327575684,sitting
2043,-3.966172218322754,sitting
2044,-3.899298667907715,sitting
2045,-3.794917583465576,sitting
2046,-3.6723012924194336,sitting
2047,-3.617888927459717,sitting
2048,-3.7192296981811523,sitting
2049,-3.8064966201782227,sitting
2050,-3.8111724853515625,sitting
2051,-3.7747573852539062,sitting
2052,-3.618417263031006,sitting
2053,-3.5087738037109375,sitting
2054,-3.6030712127685547,sitting
2055,-3.6757869720458984,sitting
2056,-3.5316996574401855,sitting
2057,-3.3585925102233887,sitting
2058,-3.3357510566711426,sitting
2059,-3.4704723358154297,sitting
2060,-3.647606372833252,sitting
2061,-3.6813178062438965,sitting
2062,-3.647183418273926,sitting
2063,-3.6531152725219727,sitting
2064,-3.6109957695007324,sitting
2065,-3.5238499641418457,sitting
2066,-3.5026230812072754,sitting
2067,-3.5195207595825195,sitting
2068,-3.417088031768799,sitting
2069,-3.294778347015381,sitting
2070,-3.3281989097595215,sitting
2071,-3.3285818099975586,sitting
2072,-3.2056989669799805,sitting
2073,-3.051619052886963,sitting
2074,-2.9392619132995605,sitting
2075,-2.9371070861816406,sitting
2076,-2.9630203247070312,sitting
2077,-2.9188957214355433,sitting
2078,-2.823572158813473,sitting
2079,-2.762578010559082,sitting
2080,-2.7284903526306152,sitting
2081,-2.7338433265686035,sitting
2082,-2.841214656829834,sitting
2083,-2.991158962249756,sitting
2084,-3.0229148864746094,sitting
2085,-2.948057174682617,sitting
2086,-2.9690170288085938,sitting
2087,-2.8395590782165527,sitting
2088,-2.5810365676879883,sitting
2089,-2.5044894218444824,sitting
2090,-2.433563232421875,sitting
2091,-2.3619093894958496,sitting
2092,-2.3592519760131836,sitting
2093,-2.3076586723327637,sitting
2094,-2.1863107681274414,sitting
2095,-2.137235164642334,sitting
2096,-2.190420627593994,sitting
2097,-2.2707719802856445,sitting
2098,-2.435679435729984,sitting
2099,-2.550983428955078,sitting
2100,-2.5094361305236816,sitting
2101,-2.541210174560547,sitting
2102,-2.635000228881836,sitting
2103,-2.653679370880127,sitting
2104,-2.7501678466796875,sitting
2105,-2.927924633026123,sitting
2106,-3.0384230613708496,sitting
2107,-2.9940547943115234,sitting
2108,-2.9303488731384277,sitting
2109,-3.002732276916504,sitting
2110,-2.997865676879883,sitting
2111,-2.885852813720703,sitting
2112,-2.94881534576416,sitting
2113,-3.7964929787282387,sitting
2114,-3.794246329343,sitting
2115,-3.792043314799347,sitting
2116,-3.7898841336553843,sitting
2117,-3.787768984469203,sitting
2118,-3.785698065798911,sitting
2119,-3.7836715762026074,sitting
2120,-3.7816897142384036,sitting
2121,-3.7797526784643836,sitting
2122,-3.7778606674386666,sitting
2123,-3.77601387971934,sitting
2124,-3.774212513864512,sitting
2125,-3.772456768432285,sitting
2126,-3.770746841980756,sitting
2127,-3.769082933068038,sitting
2128,-3.7674652402522177,sitting
2129,-3.765893962091404,sitting
2130,-3.7643692971436984,sitting
2131,-3.7628914439671988,sitting
2132,-3.761460601120014,sitting
2133,-3.7600769671602414,sitting
2134,-3.758740740645983,sitting
2135,-3.7574521201353406,sitting
2136,-3.7562113041864045,sitting
2137,-3.7550184913572977,sitting
2138,-3.7538738802061076,sitting
2139,-3.7527776692909356,sitting
2140,-3.7517300571698904,sitting
2141,-3.7507312424010735,sitting
2142,-3.7497814235425793,sitting
2143,-3.7488807991525093,sitting
2144,-3.748029567788965,sitting
2145,-3.747227928010062,sitting
2146,-3.746476078373888,sitting
2147,-3.745774217438548,sitting
2148,-3.745122543762136,sitting
2149,-3.744521255902768,sitting
2150,-3.7439705524185456,sitting
2151,-3.7434706318675524,sitting
2152,-3.743021692807897,sitting
2153,-3.7426239337976988,sitting
2154,-3.7422775533950343,sitting
2155,-3.741982750158023,sitting
2156,-3.741739722644759,sitting
2157,-3.741548669413337,sitting
2158,-3.7414097890218763,sitting
2159,-3.741323280028464,sitting
2160,-3.7412893409912087,sitting
2161,-3.7413081704682014,sitting
2162,-3.741379967017558,sitting
2163,-3.7415049291973688,sitting
2164,-3.7416832555657464,sitting
2165,-3.7419151446807852,sitting
2166,-3.7422007951005867,sitting
2167,-3.7425404053832487,sitting
2168,-3.7429341740868836,sitting
2169,-3.7433822997695856,sitting
2170,-3.743884980989449,sitting
2171,-3.7444424163045937,sitting
2172,-3.7450548042731064,sitting
2173,-3.7457223434530995,sitting
2174,-3.746445232402664,sitting
2175,-3.7472236696799044,sitting
2176,-3.74805785384293,sitting
2177,-3.7489479834498276,sitting
2178,-3.749894257058717,sitting
2179,-3.7508968732276813,sitting
2180,-3.7519560305148403,sitting
2181,-3.1707005500793457,sitting
2182,-3.0686798095703125,sitting
2183,-3.063302993774414,sitting
2184,-3.18630313873291,sitting
2185,-3.2363433837890625,sitting
2186,-3.234025478363037,sitting
2187,-3.2803211212158203,sitting
2188,-3.1594443321228027,sitting
2189,-2.9639840126037598,sitting
2190,-2.954596519470215,sitting
2191,-3.0074429512023926,sitting
2192,-2.8964881896972656,sitting
2193,-2.8078484535217285,sitting
2194,-2.954556941986084,sitting
2195,-3.225849151611328,sitting
2196,-3.4418044090270996,sitting
2197,-3.4405741691589355,sitting
2198,-3.382441520690918,sitting
2199,-3.4845337867736816,sitting
2200,-3.5638585090637207,sitting
2201,-3.5260400772094727,sitting
2202,-3.531172752380371,sitting
2203,-3.6032538414001465,sitting
2204,-3.6265273094177246,sitting
2205,-3.6464924812316895,sitting
2206,-3.689241886138916,sitting
2207,-3.7223691940307617,sitting
2208,-3.8703813552856445,sitting
2209,-3.9929137229919434,sitting
2210,-3.9908852577209473,sitting
2211,-4.003984451293945,sitting
2212,-4.149388790130615,sitting
2213,-4.321460723876953,sitting
2214,-4.311310291290283,sitting
2215,-4.233157157897949,sitting
2216,-4.122710704803467,sitting
2217,-4.079580783843994,sitting
2218,-4.257862567901608,sitting
2219,-4.499171257019043,sitting
2220,-4.618049144744873,sitting
2221,-4.702234268188477,sitting
2222,-4.6331353187561035,sitting
2223,-4.427168846130371,sitting
2224,-4.512993335723877,sitting
2225,-4.786223411560059,sitting
2226,-4.804866313934326,sitting
2227,-4.745260238647461,sitting
2228,-5.000422477722168,sitting
2229,-5.141949653625488,sitting
2230,-5.008769512176514,sitting
2231,-4.913125038146973,sitting
2232,-4.897467613220215,sitting
2233,-5.0218610763549805,sitting
2234,-5.097800254821777,sitting
2235,-5.061308860778809,sitting
2236,-5.12028169631958,sitting
2237,-5.0985517501831055,sitting
2238,-5.054215908050537,sitting
2239,-5.2155985832214355,sitting
2240,-5.217674255371094,sitting
2241,-5.081875324249268,sitting
2242,-5.076286792755127,sitting
2243,-5.155921459197998,sitting
2244,-5.236148357391357,sitting
2245,-5.175755023956299,sitting
2246,-5.24382209777832,sitting
2247,-5.524534702301025,sitting
2248,-3.9521676025547805,sitting
2249,-3.9568893388568007,sitting
2250,-3.961659416262602,sitting
2251,-3.9664776984957015,sitting
2252,-3.9713440492796472,sitting
2253,-3.976258332337963,sitting
2254,-3.9812204113941903,sitting
2255,-3.986230150171842,sitting
2256,-3.9912874123944775,sitting
2257,-3.996392061785617,sitting
2258,-4.001543962068791,sitting
2259,-4.006742976967541,sitting
2260,-4.011988970205387,sitting
2261,-4.017281805505881,sitting
2262,-4.0226213465925404,sitting
2263,-4.028007457188895,sitting
2264,-4.033440001018501,sitting
2265,-4.038918841804865,sitting
2266,-4.044443843271534,sitting
2267,-4.050014869142043,sitting
2268,-4.055631783139916,sitting
2269,-4.061294448988697,sitting
2270,-4.0670027304119,sitting
2271,-4.072756491133088,sitting
2272,-4.078555594875763,sitting
2273,-4.08439990536348,sitting
2274,-4.090289286319756,sitting
2275,-4.0962236014681395,sitting
2276,-4.102202714532151,sitting
2277,-4.1082264892353315,sitting
2278,-4.114294789301205,sitting
2279,-4.12040747845332,sitting
2280,-4.126564420415193,sitting
2281,-4.132765478910372,sitting
2282,-4.139010517662378,sitting
2283,-4.145299400394752,sitting
2284,-4.151631990831021,sitting
2285,-4.15800815269472,sitting
2286,-4.164427749709379,sitting
2287,-4.1708906455985435,sitting
2288,-4.1773967040857265,sitting
2289,-4.1839457888944835,sitting
2290,-4.190537763748335,sitting
2291,-4.197172492370811,sitting
2292,-4.20384983848545,sitting
2293,-4.2105696658157825,sitting
2294,-4.217331838085343,sitting
2295,-4.224136219017673,sitting
2296,-4.230982672336292,sitting
2297,-4.237871061764736,sitting
2298,-4.244801251026534,sitting
2299,-4.251773103845238,sitting
2300,-4.258786483944366,sitting
2301,-4.265841255047452,sitting
2302,-4.272937280878029,sitting
2303,-4.280074425159626,sitting
2304,-4.28725255161579,sitting
2305,-4.979676246643066,sitting
2306,-4.849374294281006,sitting
2307,-4.910480976104736,sitting
2308,-5.137516975402832,sitting
2309,-5.340529441833496,sitting
2310,-5.379414081573486,sitting
2311,-5.280359745025635,sitting
2312,-5.171853065490723,sitting
2313,-5.0472002029418945,sitting
2314,-5.031795024871826,sitting
2315,-5.1733198165893555,sitting
2316,-5.066854000091553,sitting
2317,-4.850357532501221,sitting
2318,-4.8521270751953125,sitting
2319,-4.781885623931885,sitting
2320,-4.597748279571533,sitting
2321,-4.61835241317749,sitting
2322,-4.855915546417236,sitting
2323,-5.035924434661865,sitting
2324,-5.127692222595215,sitting
2325,-5.069234371185303,sitting
2326,-4.823503494262695,sitting
2327,-4.721937656402588,sitting
2328,-4.781120300292969,sitting
2329,-4.767183780670166,sitting
2330,-4.666090965270996,sitting
2331,-4.59444522857666,sitting
2332,-4.604745388031006,sitting
2333,-4.64890193939209,sitting
2334,-4.737182140350342,sitting
2335,-4.836238861083984,sitting
2336,-4.898107051849365,sitting
2337,-4.983246803283691,sitting
2338,-5.024770736694336,sitting
2339,-4.97085428237915,sitting
2340,-4.993678092956543,sitting
2341,-5.109770774841305,sitting
2342,-5.110513687133789,sitting
2343,-4.984951972961426,sitting
2344,-4.8705925941467285,sitting
2345,-4.941416263580322,sitting
2346,-5.161651134490967,sitting
2347,-5.209178924560547,sitting
2348,-5.185173988342285,sitting
2349,-5.207149028778076,sitting
2350,-5.157594203948975,sitting
2351,-5.154834270477295,sitting
2352,-5.206942081451416,sitting
2353,-5.162221908569336,sitting
2354,-5.125380992889404,sitting
2355,-5.180013179779053,sitting
2356,-5.2293782234191895,sitting
2357,-5.288271427154541,sitting
2358,-5.284701824188232,sitting
2359,-5.273520469665527,sitting
2360,-5.2631635665893555,sitting
2361,-5.171508312225342,sitting
2362,-5.147406101226807,sitting
2363,-5.200740814208984,sitting
2364,-5.285325050354004,sitting
2365,-5.379443168640137,sitting
2366,-5.456540584564209,sitting
2367,-5.467092990875244,sitting
2368,-5.415239334106445,sitting
2369,-5.43674373626709,sitting
2370,-5.5731658935546875,sitting
2371,-5.686849594116211,sitting
2372,-5.642800331115723,sitting
2373,-5.510171413421631,sitting
2374,-5.619251251220703,sitting
2375,-5.89171838760376,sitting
2376,-5.8282423019409215,sitting
2377,-5.740162372589115,sitting
2378,-5.8337297439575195,sitting
2379,-5.725549221038818,sitting
2380,-5.649092674255371,sitting
2381,-5.746394634246826,sitting
2382,-5.63884973526001,sitting
2383,-5.456394195556641,sitting
2384,-5.481414794921875,sitting
2385,-5.5703229904174805,sitting
2386,-5.6241455078125,sitting
2387,-5.678056716918945,sitting
2388,-5.72777795791626,sitting
2389,-5.745534896850586,sitting
2390,-5.718979358673096,sitting
2391,-5.653052806854248,sitting
2392,-5.602344036102295,sitting
2393,-5.617227554321289,sitting
2394,-5.685459613800049,sitting
2395,-5.675471782684326,sitting
2396,-5.679615497589111,sitting
2397,-5.700658798217773,sitting
2398,-5.701608180999756,sitting
2399,-5.7574357986450195,sitting
2400,-5.6470136642456055,sitting
2401,-5.64304256439209,sitting
2402,-5.859922409057617,sitting
2403,-5.862083435058594,sitting
2404,-5.693203449249268,sitting
2405,-5.6183552742004395,sitting
2406,-5.582353115081787,sitting
2407,-5.612504482269287,sitting
2408,-5.768922805786133,sitting
2409,-5.8433942794799805,sitting
2410,-5.886993885040283,sitting
2411,-5.861854553222656,sitting
2412,-5.727466583251953,sitting
2413,-5.721332550048828,sitting
2414,-5.786919116973877,sitting
2415,-5.843112468719482,sitting
2416,-5.870019435882568,sitting
2417,-5.790029048919678,sitting
2418,-5.697604656219482,sitting
2419,-5.631450653076172,sitting
2420,-5.666609287261963,sitting
2421,-5.706457138061523,sitting
2422,-5.6429009437561,sitting
2423,-5.682699680328366,sitting
2424,-5.730194568634033,sitting
2425,-5.70379114151001,sitting
2426,-5.661401271820068,sitting
2427,-5.632721900939941,sitting
2428,-5.6036763191223145,sitting
2429,-5.5276875495910645,sitting
2430,-5.520225524902344,sitting
2431,-5.501979827880859,sitting
2432,-5.419234752655029,sitting
2433,-5.321879863739014,sitting
2434,-5.243993282318115,sitting
2435,-5.258026123046875,sitting
2436,-5.302390098571777,sitting
2437,-5.319014072418213,sitting
2438,-5.3381218910217285,sitting
2439,-5.367245197296143,sitting
2440,-5.246055603027344,sitting
2441,-5.0760698318481445,sitting
2442,-5.017819404602051,sitting
2443,-5.05107307434082,sitting
2444,-5.127352714538574,sitting
2445,-5.0987548828125,sitting
2446,-5.069354057312012,sitting
2447,-5.109234809875488,sitting
2448,-5.214676380157471,sitting
2449,-5.296182155609131,sitting
2450,-5.252320766448975,sitting
2451,-5.21327972412109,sitting
2452,-5.159082412719727,sitting
2453,-5.064939498901367,sitting
2454,-5.010659217834473,sitting
2455,-5.1347479820251465,sitting
2456,-5.271360874176025,sitting
2457,-5.160755634307861,sitting
2458,-5.193297863006592,sitting
2459,-5.344631195068359,sitting
2460,-5.246813774108887,sitting
2461,-5.2106451988220215,sitting
2462,-5.264708518981934,sitting
2463,-5.210345268249512,sitting
2464,-5.183438301086426,sitting
2465,-5.264353275299072,sitting
2466,-5.350832939147949,sitting
2467,-5.311214923858643,sitting
2468,-5.247636318206787,sitting
2469,-5.219298362731934,sitting
2470,-5.264876365661621,sitting
2471,-5.404512405395508,sitting
2472,-5.506397247314453,sitting
2473,-5.585829734802246,sitting
2474,-5.676281929016113,sitting
2475,-5.722986698150635,sitting
2476,-5.829034328460693,sitting
2477,-6.05906343460083,sitting
2478,-6.1436357498168945,sitting
2479,-6.061742782592773,sitting
2480,-5.914522171020508,sitting
2481,-5.680972099304199,sitting
2482,-5.596816539764404,sitting
2483,-5.707587718963623,sitting
2484,-5.7816009521484375,sitting
2485,-5.822552680969238,sitting
2486,-5.961548328399658,sitting
2487,-6.023906707763672,sitting
2488,-6.009085178375244,sitting
2489,-6.118347644805908,sitting
2490,-6.16397762298584,sitting
2491,-6.112016677856445,sitting
2492,-6.113227367401123,sitting
2493,-6.0725789070129395,sitting
2494,-6.032135486602783,sitting
2495,-6.136373996734619,sitting
2496,-6.294389247894287,sitting
2497,-6.336617469787598,sitting
2498,-6.315130710601807,sitting
2499,-6.349799633026123,sitting
2500,-6.398485660552982,sitting
2501,-6.505134105682377,sitting
2502,-6.625540256500244,sitting
2503,-6.640625953674316,sitting
2504,-6.632680892944336,sitting
2505,-6.634079456329346,sitting
2506,-6.603408336639408,sitting
2507,-6.61776685714722,sitting
2508,-6.683915615081787,sitting
2509,-6.660306453704834,sitting
2510,-6.653618335723877,sitting
2511,-6.7170000076293945,sitting
2512,-6.713363170623779,sitting
2513,-6.726240634918213,sitting
2514,-6.8058180809021,sitting
2515,-6.813661098480225,sitting
2516,-6.71658182144165,sitting
2517,-6.685634136199951,sitting
2518,-6.776083469390869,sitting
2519,-6.858537197113037,sitting
2520,-6.868632793426514,sitting
2521,-6.822831630706787,sitting
2522,-6.766521453857422,sitting
2523,-6.783414840698242,sitting
2524,-6.804078578948975,sitting
2525,-6.720493316650391,sitting
2526,-6.644079208374023,sitting
2527,-6.677865505218506,sitting
2528,-6.709465026855469,sitting
2529,-6.648905277252197,sitting
2530,-6.585578918457031,sitting
2531,-6.5553879737854,sitting
2532,-6.535924911499023,sitting
2533,-6.447821140289307,sitting
2534,-6.495073318481445,sitting
2535,-6.619093418121338,sitting
2536,-6.723174095153809,sitting
2537,-6.77406120300293,sitting
2538,-6.326334476470947,sitting
2539,-5.591884136199951,sitting
2540,-4.834166049957275,sitting
2541,-3.9767608642578125,sitting
2542,-3.071974754333496,sitting
2543,-2.2837233543395996,sitting
2544,-1.870847225189209,sitting
2545,-1.7705459594726562,sitting
2546,-1.523146629333496,sitting
2547,-1.076601505279541,sitting
2548,-0.5997872352600098,sitting
2549,-0.5040607452392578,sitting
2550,-0.7006626129150391,sitting
2551,-0.30226755142211914,sitting
2552,-1.230433464050293,sitting
2553,-4.117170333862305,sitting
2554,-5.646671295166016,sitting
2555,-5.719738483428955,sitting
2556,-5.905868053436279,sitting
2557,-6.018463611602783,sitting
2558,-5.9394707679748535,sitting
2559,-5.754083633422852,sitting
2560,-5.642116546630859,sitting
2561,-5.637752056121826,sitting
2562,-5.727116107940674,sitting
2563,-6.046781539916992,sitting
2564,-6.259819984436035,sitting
2565,-6.122220993041992,sitting
2566,-6.037294864654541,sitting
2567,-6.081361293792725,sitting
2568,-6.071473121643066,sitting
2569,-6.1650896072387695,sitting
2570,-6.328625202178955,sitting
2571,-6.419224739074707,sitting
2572,-6.565483093261719,sitting
2573,-6.627621173858643,sitting
2574,-6.572367191314697,sitting
2575,-6.485910892486572,sitting
2576,-6.331451416015625,sitting
2577,-6.346517562866211,sitting
2578,-6.477230072021484,sitting
2579,-6.510129928588867,sitting
2580,-6.504688739776611,sitting
2581,-6.519947528839111,sitting
2582,-6.644430637359619,sitting
2583,-6.751409530639648,sitting
2584,-6.757230758666992,sitting
2585,-6.788605690002441,sitting
2586,-6.784440994262695,sitting
2587,-6.819427967071533,sitting
2588,-6.897068023681641,sitting
2589,-6.887873649597168,sitting
2590,-6.856831073760986,sitting
2591,-6.924964904785156,sitting
2592,-7.029561996459961,sitting
2593,-7.001425266265869,sitting
2594,-7.035550117492676,sitting
2595,-7.293787956237793,sitting
2596,-7.533216953277588,sitting
2597,-7.508021354675293,sitting
2598,-7.356367588043213,sitting
2599,-7.4094085693359375,sitting
2600,-7.524773120880127,sitting
2601,-7.485077381134033,sitting
2602,-7.392598628997803,sitting
2603,-7.342320919036865,sitting
2604,-7.405171871185303,sitting
2605,-7.498986721038818,sitting
2606,-7.563329696655273,sitting
2607,-7.626425743103027,sitting
2608,-7.651762008666992,sitting
2609,-7.622118949890137,sitting
2610,-7.474032878875732,sitting
2611,-7.398988246917725,sitting
2612,-7.619992733001709,sitting
2613,-7.794314384460449,sitting
2614,-7.6624226570129395,sitting
2615,-7.517523765563965,sitting
2616,-7.66465425491333,sitting
2617,-7.8858137130737305,sitting
2618,-7.889909744262695,sitting
2619,-7.804899215698242,sitting
2620,-7.754730224609375,sitting
2621,-7.794876575469971,sitting
2622,-7.849624156951904,sitting
2623,-7.753600120544434,sitting
2624,-7.690563678741455,sitting
2625,-7.874616622924805,sitting
2626,-8.135699272155762,sitting
2627,-8.26417064666748,sitting
2628,-8.22950267791748,sitting
2629,-8.15247631072998,sitting
2630,-8.169406414031982,sitting
2631,-8.225046634674072,sitting
2632,-8.160675525665283,sitting
2633,-8.02711296081543,sitting
2634,-8.082005023956299,sitting
2635,-8.101508140563965,sitting
2636,-7.950385093688965,sitting
2637,-7.942833423614502,sitting
2638,-8.027313709259033,sitting
2639,-8.116488933563232,sitting
2640,-8.190668106079102,sitting
2641,-8.22497844696045,sitting
2642,-8.28497838973999,sitting
2643,-8.29267168045044,sitting
2644,-8.238202095031738,sitting
2645,-8.27149486541748,sitting
2646,-8.328039169311523,sitting
2647,-8.273189067840576,sitting
2648,-8.268233299255371,sitting
2649,-8.368374824523926,sitting
2650,-8.475279808044434,sitting
2651,-8.556479454040527,sitting
2652,-8.596472263336182,sitting
2653,-8.662021160125732,sitting
2654,-8.70020055770874,sitting
2655,-8.716620445251465,sitting
2656,-8.738975048065186,sitting
2657,-8.669817447662354,sitting
2658,-8.627219676971436,sitting
2659,-8.589980125427246,sitting
2660,-8.54515266418457,sitting
2661,-8.581742286682129,sitting
2662,-8.480145931243896,sitting
2663,-8.41999340057373,sitting
2664,-8.497683048248291,sitting
2665,-8.442373275756836,sitting
2666,-8.345931053161621,sitting
2667,-8.310237884521484,sitting
2668,-8.358889102935791,sitting
2669,-8.371735572814941,sitting
2670,-8.421183109283447,sitting
2671,-8.59791088104248,sitting
2672,-8.708834648132324,sitting
2673,-8.624285697937012,sitting
2674,-8.426181316375732,sitting
2675,-8.37245798110962,sitting
2676,-8.40709114074707,sitting
2677,-8.521405696868896,sitting
2678,-8.65658950805664,sitting
2679,-8.56598711013794,sitting
2680,-8.487562656402588,sitting
2681,-8.579897403717041,sitting
2682,-8.673308849334717,sitting
2683,-8.713848114013672,sitting
2684,-8.723258018493652,sitting
2685,-8.712910652160645,sitting
2686,-8.696890354156494,sitting
2687,-8.76551628112793,sitting
2688,-8.76942777633667,sitting
2689,-8.670970916748047,sitting
2690,-8.678869724273682,sitting
2691,-8.75364065170288,sitting
2692,-8.817878723144531,sitting
2693,-8.838886260986328,sitting
2694,-8.831463813781738,sitting
2695,-8.780354499816895,sitting
2696,-8.762216091156006,sitting
2697,-8.84801435470581,sitting
2698,-8.825520992279053,sitting
2699,-8.741934299468994,sitting
2700,-8.747632503509521,sitting
2701,-8.739758968353271,sitting
2702,-8.711864948272705,sitting
2703,-8.708995342254639,sitting
2704,-8.720767974853516,sitting
2705,-8.732947826385498,sitting
2706,-8.736793041229248,sitting
2707,-8.672969341278076,sitting
2708,-8.52379322052002,sitting
2709,-8.497117519378662,sitting
2710,-8.605474472045898,sitting
2711,-8.622717380523682,sitting
2712,-8.518043518066406,sitting
2713,-8.283843040466309,sitting
2714,-8.119114398956299,sitting
2715,-8.129034996032715,sitting
2716,-8.067017555236813,sitting
2717,-7.977667808532711,sitting
2718,-7.879730701446533,sitting
2719,-7.733885765075684,sitting
2720,-7.746372222900391,sitting
2721,-7.873608589172363,sitting
2722,-7.853037357330322,sitting
2723,-7.781482696533203,sitting
2724,-7.821467876434326,sitting
2725,-7.7797932624816895,sitting
2726,-7.608644008636475,sitting
2727,-7.485905647277832,sitting
2728,-7.449321746826172,sitting
2729,-7.441037654876709,sitting
2730,-7.43004035949707,sitting
2731,-7.428879261016846,sitting
2732,-7.404196739196777,sitting
2733,-7.309734344482422,sitting
2734,-7.198265075683594,sitting
2735,-7.099864482879639,sitting
2736,-6.984804153442383,sitting
2737,-6.918110370635986,sitting
2738,-6.824007987976074,sitting
2739,-6.565428256988525,sitting
2740,-6.3460798263549805,sitting
2741,-6.235671043395996,sitting
2742,-6.059874057769775,sitting
2743,-5.988884449005127,sitting
2744,-6.081249713897705,sitting
2745,-6.043300151824951,sitting
2746,-5.960327625274658,sitting
2747,-5.900365352630615,sitting
2748,-5.78439998626709,sitting
2749,-5.640655517578125,sitting
2750,-5.526134967803955,sitting
2751,-5.550301551818848,sitting
2752,-5.501191139221191,sitting
2753,-5.343329906463623,sitting
2754,-5.322666168212891,sitting
2755,-5.329687118530273,sitting
2756,-5.2831292152404785,sitting
2757,-5.281518459320068,sitting
2758,-5.192584037780762,sitting
2759,-4.999670028686523,sitting
2760,-4.8851447105407715,sitting
2761,-4.864443778991699,sitting
2762,-4.947555065155029,sitting
2763,-5.037089824676514,sitting
2764,-5.023664474487305,sitting
2765,-4.886781215667725,sitting
2766,-4.724584579467773,sitting
2767,-4.705653190612793,sitting
2768,-4.58225154876709,sitting
2769,-4.363789081573486,sitting
2770,-4.347441673278809,sitting
2771,-4.392798900604248,sitting
2772,-4.2920708656311035,sitting
2773,-4.121158599853516,sitting
2774,-4.018057346343994,sitting
2775,-3.983794689178467,sitting
2776,-3.9648284912109375,sitting
2777,-3.907074451446533,sitting
2778,-3.8831686973571777,sitting
2779,-3.9478321075439453,sitting
2780,-3.9527435302734375,sitting
2781,-3.8777360916137695,sitting
2782,-3.8484740257263184,sitting
2783,-3.8606691360473597,sitting
2784,-3.8324809074401855,sitting
2785,-3.7348179817199707,sitting
2786,-3.660391330718994,sitting
2787,-3.662553310394287,sitting
2788,-3.6894497871398926,sitting
2789,-3.68910551071167,sitting
2790,-3.6351675987243652,sitting
2791,-3.587982177734375,sitting
2792,-3.5925025939941406,sitting
2793,-3.531726360321045,sitting
2794,-3.4991283416748047,sitting
2795,-3.5348291397094727,sitting
2796,-3.481222629547119,sitting
2797,-3.4260716438293457,sitting
2798,-3.3853907585144043,sitting
2799,-3.3221240043640137,sitting
2800,-3.3072915077209473,sitting
2801,-3.357790946960449,sitting
2802,-3.3313217163085938,sitting
2803,-3.294053554534912,sitting
2804,-3.3363523483276367,sitting
2805,-3.2667393684387207,sitting
2806,-3.2050814628601074,sitting
2807,-3.3689482839186162,sitting
2808,-3.3071864215049516,sitting
