Timestamp,Confidence,Diameter,Event
533064.353582,0.7399412989616394,11.10888957977295,default
533064.361575,0.7377831935882568,11.053733825683594,default
533064.3696409999,0.5196276903152466,13.983567237854004,default
533064.37768,0.6947981119155884,10.27868938446045,default
533064.3856479999,0.5357066988945007,11.304156303405762,default
533064.393649,0.837624192237854,12.704229354858398,default
533064.401615,0.5564051270484924,11.323077201843262,default
533064.409686,0.7373339533805847,12.035191535949707,default
533064.4175999999,0.7641347050666809,10.191271781921387,default
533064.425664,0.6551452875137329,12.725570678710938,default
533064.433619,0.7583913803100586,12.335386276245117,default
533064.4416659999,0.627389669418335,14.187784194946289,default
533064.449656,0.6370397806167603,11.304512977600098,default
533064.457699,0.3826647698879242,12.673358917236328,default
533064.46555,0.618661105632782,11.37582778930664,default
533064.473607,0.6490837931632996,11.101079940795898,default
533064.481576,0.5174842476844788,11.287686347961426,default
533064.4896409999,0.5599958300590515,12.478955268859863,default
533064.497889,0.46743518114089966,11.056471824645996,default
533064.505922,0.5148480534553528,12.180194854736328,default
533064.5135679999,0.5304437279701233,12.866665840148926,default
533064.521616,0.456229031085968,12.755142211914062,default
533064.529616,0.30229973793029785,15.815079689025879,default
533064.537659,0.0,0.0,default
533064.547058,0.0,0.0,default
533064.554348,0.0,0.0,default
533064.561576,0.99,21.050273895263672,default
533064.569606,1.0,21.288978576660156,default
533064.577649,0.9862285852432251,21.404754638671875,default
533064.586064,0.913493812084198,20.736047744750977,default
533064.593674,0.9164571166038513,21.23259162902832,default
533064.601617,0.8659873008728027,20.632200241088867,default
533064.609603,0.8980292677879333,21.433868408203125,default
533064.617616,0.8626357316970825,21.484304428100586,default
533064.625668,0.9129034876823425,21.147287368774414,default
533064.6337509999,0.9700303077697754,20.7645263671875,default
533064.64162,0.8772529363632202,21.33839988708496,default
533064.653654,0.9478804469108582,20.986831665039062,default
533064.661574,1.0,21.254301071166992,default
533064.6696349999,1.0,20.945472717285156,default
533064.677604,0.9144774675369263,21.16956329345703,default
533064.685685,0.8099671006202698,20.71830940246582,default
533064.693889,0.9428806900978088,20.67462158203125,default
533064.701732,0.9182276725769043,21.105449676513672,default
533064.709884,0.7395836114883423,21.305574417114258,default
533064.718815,0.914503812789917,20.996633529663086,default
533064.726335,0.9085524678230286,21.106552124023438,default
533064.735552,0.8100116848945618,20.89793586730957,default
533064.744124,0.841986894607544,20.665016174316406,default
533064.753077,0.8045982718467712,21.13702392578125,default
533064.762578,0.7370144128799438,21.06149673461914,default
533064.775415,0.759783923625946,20.813865661621094,default
533064.782799,0.7745108444896708,20.85651397705078,default
533064.8026459999,0.99,21.408443450927734,default
533064.815526,0.9326382875442505,22.75743865966797,default
533064.824256,0.9135369062423706,22.97956085205078,default
533064.832895,0.9941350221633911,23.631704330444336,default
533064.84065,0.9214438796043396,23.986032485961914,default
533064.849274,0.9863008260726929,24.1207275390625,default
533064.858018,0.8085981607437134,23.956356048583984,default
533064.865506,0.8533134460449219,24.036706924438477,default
533064.873502,0.758991003036499,24.01441764831543,default
533064.881349,0.9265421032905579,24.536821365356445,default
533064.888559,0.859298050403595,24.299766540527344,default
533064.895029,0.8368566036224365,24.542387008666992,default
533064.902039,0.9199744462966919,24.629301071166992,default
533064.909772,0.8616907596588135,24.25465965270996,default
533064.917706,0.7370186448097229,24.25692367553711,default
533064.925962,0.9189587831497192,24.488195419311523,default
533064.934337,0.9941799640655518,24.458568572998047,default
533064.9427,0.9854375123977661,24.655595779418945,default
533064.949701,0.9035526514053345,24.502044677734375,default
533064.957751,0.9512953162193298,24.48064613342285,default
533064.966458,0.9425457119941711,24.778728485107422,default
533064.974009,0.759206235408783,24.529123306274414,default
533064.981942,0.775733232498169,24.4311466217041,default
533064.9897939999,0.9186689257621765,24.71433448791504,default
533064.9978969999,0.8648287057876587,24.674922943115234,default
533065.005708,0.9504797458648682,24.46616554260254,default
533065.013639,0.8706783056259155,24.370317459106445,default
533065.02183,0.8956809639930725,24.490089416503906,default
533065.029843,0.7499362826347351,24.81399917602539,default
533065.039576,0.8718538284301758,24.169782638549805,default
533065.047945,0.8672758936882019,24.38687515258789,default
533065.055322,0.8344481587409973,24.147031784057617,default
533065.063282,0.9017218947410583,24.560237884521484,default
533065.070324,0.8991907238960266,24.54741096496582,default
533065.077573,0.9183712005615234,23.40985107421875,default
533065.085877,0.9202002286911011,23.38247299194336,default
533065.0936339999,0.7808107137680054,23.049774169921875,default
533065.1026399999,0.7752125263214111,23.017868041992188,default
533065.11095,1.0,22.995288848876953,default
533065.121638,0.7414258122444153,23.68808364868164,default
533065.13056,0.47745534777641296,24.597787857055664,default
533065.14295,0.8305552822461874,20.327381134033203,default
533065.152822,0.8747321367263794,22.017744064331055,default
533065.159735,0.4641149342060089,23.499422073364258,default
533065.171123,0.6905523671409413,18.185476303100586,default
533065.185027,0.469657838344574,18.83298683166504,default
533065.195523,0.0,0.0,default
533065.212398,0.0,0.0,default
533065.224705,0.0,0.0,default
533065.236823,0.7688904101882372,10.586272239685059,default
533065.248666,0.7074602246284485,9.214245796203613,default
533065.256864,0.0,0.0,default
533065.270162,0.0,0.0,default
533065.286025,0.5308833544238402,62.900177001953125,default
533065.301181,0.0,0.0,default
533065.313089,0.0,0.0,default
533065.327516,0.7714736396841182,18.26816749572754,default
533065.340612,0.0,0.0,default
533065.355403,0.0,0.0,default
533065.363934,0.0,0.0,default
533065.372371,0.7388416381340777,14.296845436096191,default
533065.38104,0.0,0.0,default
533065.390695,0.0,0.0,default
533065.40599,0.0,0.0,default
533065.415538,0.7757332668873745,14.784297943115234,default
533065.428664,0.0,0.0,default
533065.441235,0.7428466610841812,18.531816482543945,default
533065.452648,0.0,0.0,default
533065.465603,0.0,0.0,default
533065.476186,0.9620568983369988,10.452596664428711,default
533065.483069,0.0,0.0,default
533065.4926989999,0.5859687186898903,20.045814514160156,default
533065.508505,0.8665382067438143,15.04947280883789,default
533065.520076,0.8578289747238159,15.944250106811523,default
533065.529078,0.45777979493141174,16.759687423706055,default
533065.540795,0.0,0.0,default
533065.549246,0.0,0.0,default
533065.5721839999,0.0,0.0,default
533065.581814,0.7244893809135005,18.825916290283203,default
533065.596726,0.6197391748428345,18.458417892456055,default
533065.603835,0.7981501221656799,20.773984909057617,default
533065.608813,0.6976876854896545,20.37752914428711,default
533065.616008,0.6496797800064087,20.656362533569336,default
533065.625922,0.659449577331543,21.944429397583008,default
533065.6354029999,0.8255318999290466,23.12790870666504,default
533065.639224,0.7285915017127991,24.263090133666992,default
533065.6456009999,0.5064449906349182,26.0687313079834,default
533065.65377,0.547213077545166,27.3963623046875,default
533065.661759,0.5571178197860718,28.02363395690918,default
533065.6696949999,0.5399531722068787,28.233165740966797,default
533065.6776459999,0.516894519329071,28.928668975830078,default
533065.685689,0.48098593950271606,28.730220794677734,default
533065.694039,0.4628252685070038,28.701019287109375,default
533065.702412,0.6157734990119934,29.151670455932617,default
533065.709775,0.4218967854976654,29.536584854125977,default
533065.717634,0.6005576252937317,28.92658805847168,default
533065.725838,0.5749117732048035,28.657989501953125,default
533065.733719,0.5564799904823303,28.74519157409668,default
533065.741749,0.4866209924221039,28.357067108154297,default
533065.751605,0.4338071048259735,27.979740142822266,default
533065.75794,0.574885904788971,27.547868728637695,default
533065.765731,0.5271841883659363,27.582658767700195,default
533065.775092,0.6554122567176819,27.852569580078125,default
533065.785563,0.6800752282142639,27.871322631835938,default
533065.794498,0.5975642800331116,27.615333557128906,default
533065.805114,0.5694535374641418,27.947446823120117,default
533065.818227,0.5302716493606567,27.774152755737305,default
533065.830786,0.5633395910263062,26.320777893066406,default
533065.840945,0.5898127555847168,26.310039520263672,default
533065.851841,0.6304997801780701,26.142732620239258,default
533065.86154,0.5840702652931213,26.406641006469727,default
533065.872124,0.6777010560035706,26.60360336303711,default
533065.881729,0.48829126358032227,26.57021713256836,default
533065.895914,0.5650943517684937,26.547801971435547,default
533065.90906,0.5776818990707397,26.401893615722656,default
533065.921619,0.7136015892028809,26.130754470825195,default
533065.928351,0.5354204773902893,26.286056518554688,default
533065.939477,0.7010303735733032,26.157573699951172,default
533065.944747,0.6128958463668823,26.491241455078125,default
533065.953044,0.73177570104599,25.969093322753906,default
533065.958004,0.6636558175086975,25.95379638671875,default
533065.965641,0.659001886844635,26.126100540161133,default
533065.973841,0.6423259377479553,26.42582893371582,default
533065.981657,0.6179553866386414,26.319908142089844,default
533065.99223,0.6017796397209167,26.280973434448242,default
533066.002171,0.6667585968971252,26.365076065063477,default
533066.013536,0.5689719319343567,26.55042839050293,default
533066.024157,0.5852282047271729,26.422006607055664,default
533066.0356439999,0.6735967397689819,26.530824661254883,default
533066.045233,0.6561470031738281,26.159717559814453,default
533066.058055,0.5872082114219666,26.079898834228516,default
533066.065605,0.6959941387176514,26.694551467895508,default
533066.073844,0.6198872327804565,26.379793167114258,default
533066.08301,0.6177642941474915,26.317882537841797,default
533066.09677,0.751469075679779,26.437393188476562,default
533066.102191,0.686725378036499,26.489044189453125,default
533066.110982,0.6933537721633911,25.996234893798828,default
533066.120775,0.664973258972168,26.221683502197266,default
533066.130364,0.6607503294944763,26.16158103942871,default
533066.1395609999,0.6900526285171509,25.97681427001953,default
533066.152675,0.7049204707145691,26.220144271850586,default
533066.161814,0.7169995903968811,26.28202247619629,default
533066.16973,0.6878700256347656,26.036914825439453,default
533066.179331,0.6870762705802917,26.5344181060791,default
533066.187168,0.6432151794433594,26.29146385192871,default
533066.194092,0.7188361287117004,26.117435455322266,default
533066.201604,0.6236531138420105,25.948455810546875,default
533066.2133439999,0.6668131947517395,25.557571411132812,default
533066.2228079999,0.7773088216781616,25.747892379760742,default
533066.228216,0.6840015649795532,25.89626121520996,default
533066.239854,0.6531926393508911,25.979705810546875,default
533066.249193,0.6568915247917175,25.596712112426758,default
533066.262081,0.5851690173149109,26.18931770324707,default
533066.2716559999,0.6352015137672424,25.951759338378906,default
533066.284179,0.6878311038017273,25.977474212646484,default
533066.295244,0.6504607200622559,25.98115348815918,default
533066.304532,0.6411795616149902,25.884191513061523,default
533066.314824,0.7577802538871765,25.916641235351562,default
533066.3216949999,0.6371774673461914,26.07890510559082,default
533066.330029,0.6262768507003784,25.855924606323242,default
533066.339466,0.7058283090591431,25.709413528442383,default
533066.34635,0.5961805582046509,25.681671142578125,default
533066.355029,0.6404013633728027,26.0428409576416,default
533066.36425,0.6415432095527649,26.220121383666992,default
533066.3758939999,0.6253911852836609,26.303447723388672,default
533066.387791,0.5876172184944153,25.923110961914062,default
533066.398621,0.854721188545227,26.175636291503906,default
533066.405678,0.7430113554000854,25.953039169311523,default
533066.410879,0.6577035784721375,25.829748153686523,default
533066.4177539999,0.8459045886993408,26.06981658935547,default
533066.425718,0.6967175006866455,25.883432388305664,default
533066.434239,0.6049899458885193,25.80070686340332,default
533066.444603,0.6086549758911133,25.92068862915039,default
533066.456531,0.6614851951599121,26.225387573242188,default
533066.4649199999,0.5396698713302612,25.59977912902832,default
533066.476257,0.6253485083580017,25.937076568603516,default
533066.486234,0.6701593995094299,25.953622817993164,default
533066.49658,0.5780789852142334,25.552339553833008,default
533066.507129,0.6526337265968323,25.794748306274414,default
533066.518776,0.6436451077461243,25.88787841796875,default
533066.528554,0.7601343393325806,25.900508880615234,default
533066.535776,0.5364078879356384,25.48458480834961,default
533066.5443899999,0.744147539138794,25.697065353393555,default
533066.549792,0.5692737698554993,25.61040496826172,default
533066.562069,0.6106218099594116,25.449878692626953,default
533066.571147,0.5534442663192749,25.457550048828125,default
533066.581178,0.5094276070594788,25.31594467163086,default
533066.589651,0.559309184551239,26.00707244873047,default
533066.598968,0.6858701109886169,26.147062301635742,default
533066.608398,0.6619183421134949,25.751537322998047,default
533066.6181569999,0.6772475838661194,26.058942794799805,default
533066.626565,0.6460993885993958,25.911409378051758,default
533066.636618,0.5927019715309143,25.813058853149414,default
533066.645885,0.5177394151687622,25.617473602294922,default
533066.6537639999,0.7071393728256226,25.528636932373047,default
533066.661793,0.6406324505805969,25.302837371826172,default
533066.669639,0.6067972183227539,25.301799774169922,default
533066.678022,0.640677273273468,25.089536666870117,default
533066.687528,0.49160200357437134,25.27222442626953,default
533066.695592,0.7629666328430176,25.09097671508789,default
533066.701987,0.6314347386360168,25.273109436035156,default
533066.7109749999,0.6638562083244324,25.62672233581543,default
533066.720935,0.8635521531105042,25.58533477783203,default
533066.728826,0.6977688670158386,25.61927032470703,default
533066.7393509999,0.5726848244667053,25.304718017578125,default
533066.749896,0.570750892162323,25.397247314453125,default
533066.760901,0.6747579574584961,25.31981658935547,default
533066.7696679999,0.6275954842567444,25.27696418762207,default
533066.778311,0.6683940887451172,25.678796768188477,default
533066.786323,0.6231140494346619,25.432998657226562,default
533066.797451,0.6776125431060791,25.665660858154297,default
533066.807082,0.6099293828010559,25.46400260925293,default
533066.815602,0.6842645406723022,25.249086380004883,default
533066.824212,0.6305915713310242,25.11957550048828,default
533066.832377,0.479038804769516,25.480358123779297,default
533066.841406,0.6237767934799194,25.034799575805664,default
533066.851163,0.7543361186981201,25.101198196411133,default
533066.85809,0.6430996656417847,25.38640785217285,default
533066.866825,0.6497570872306824,25.26851463317871,default
533066.876693,0.5019150376319885,25.887083053588867,default
533066.884324,0.692617654800415,25.789697647094727,default
533066.893018,0.5306347608566284,26.117185592651367,default
533066.903425,0.6125056147575378,25.449750900268555,default
533066.912933,0.5317968726158142,25.583839416503906,default
533066.922685,0.5459977388381958,25.159996032714844,default
533066.93364,0.4990026354789734,25.47802734375,default
533066.942245,0.5658981800079346,25.387327194213867,default
533066.953183,0.5687950849533081,25.43825340270996,default
533066.961979,0.6701641082763672,25.88391876220703,default
533066.9690469999,0.5508564710617065,25.416961669921875,default
533066.9763709999,0.5982749462127686,25.23563003540039,default
533066.9862629999,0.5105367302894592,25.519330978393555,default
533066.996431,0.5094650983810425,25.380094528198242,default
533067.003759,0.6741229891777039,25.85187530517578,default
533067.009737,0.613385796546936,25.532268524169922,default
533067.017596,0.5750795006752014,25.566627502441406,default
533067.025684,0.5862536430358887,25.561567306518555,default
533067.034001,0.6220802068710327,25.355621337890625,default
533067.041777,0.7474080920219421,25.580629348754883,default
533067.049699,0.580802857875824,25.308998107910156,default
533067.059514,0.5501461029052734,25.36175537109375,default
533067.065704,0.5376841425895691,25.296483993530273,default
533067.075099,0.5983995199203491,25.477537155151367,default
533067.08172,0.6074007153511047,25.318307876586914,default
533067.089748,0.6083049178123474,25.76457977294922,default
533067.098153,0.5988840460777283,25.321123123168945,default
533067.105597,0.5497889518737793,25.633352279663086,default
533067.113747,0.5699191093444824,25.924943923950195,default
533067.121605,0.5618806481361389,25.782577514648438,default
533067.131449,0.5537940859794617,25.523944854736328,default
533067.141095,0.5912405252456665,25.755020141601562,default
533067.149998,0.5636752843856812,26.117813110351562,default
533067.161157,0.5980873703956604,26.02811622619629,default
533067.168392,0.5628771781921387,26.725311279296875,default
533067.177087,0.5521089434623718,26.441843032836914,default
533067.185378,0.5576358437538147,26.619403839111328,default
533067.195169,0.6049432754516602,26.821582794189453,default
533067.203587,0.576384425163269,26.95041847229004,default
533067.21272,0.5526197552680969,26.903079986572266,default
533067.219459,0.5352728366851807,26.9534854888916,default
533067.2270729999,0.6055604219436646,26.672203063964844,default
533067.235508,0.5660150051116943,26.033384323120117,default
533067.243334,0.5443040728569031,25.814559936523438,default
533067.2524,0.4768579602241516,25.937362670898438,default
533067.259548,0.5729632377624512,25.789113998413086,default
533067.267316,0.5628982186317444,26.086862564086914,default
533067.275257,0.5508577227592468,26.025941848754883,default
533067.2826029999,0.5863310694694519,26.34113883972168,default
533067.291464,0.6122229099273682,26.1846866607666,default
533067.299921,0.4129966199398041,26.484424591064453,default
533067.308386,0.5056847929954529,26.298236846923828,default
533067.3163289999,0.49077534675598145,26.568998336791992,default
533067.324378,0.5604663491249084,26.35403060913086,default
533067.334433,0.5457332730293274,26.161481857299805,default
533067.3416309999,0.5991241931915283,26.464252471923828,default
533067.348845,0.547218382358551,26.866580963134766,default
533067.356623,0.5626929402351379,27.133310317993164,default
533067.3632959999,0.562365710735321,26.648883819580078,default
533067.370475,0.5825889706611633,26.71424102783203,default
533067.377773,0.5962499380111694,26.609853744506836,default
533067.385742,0.5830653309822083,26.949474334716797,default
533067.3938729999,0.6155762672424316,27.118303298950195,default
533067.4017769999,0.4513726234436035,27.42171859741211,default
533067.409787,0.5993638634681702,27.61956214904785,default
533067.418153,0.4879869818687439,27.859813690185547,default
533067.425885,0.5309288501739502,27.529510498046875,default
533067.433752,0.5391542911529541,26.45968246459961,default
533067.441839,0.5387375354766846,26.49449920654297,default
533067.452072,0.586755633354187,27.259973526000977,default
533067.461777,0.5323384404182434,26.730510711669922,default
533067.469847,0.49945852160453796,26.92124366760254,default
533067.477896,0.46064165234565735,27.163883209228516,default
533067.485699,0.5022721290588379,26.609378814697266,default
533067.493607,0.5175752639770508,26.799896240234375,default
533067.501752,0.6103329062461853,27.52482795715332,default
533067.509672,0.5344222187995911,27.875137329101562,default
533067.517896,0.5019160509109497,27.833715438842773,default
533067.526592,0.6048296689987183,27.53910255432129,default
533067.534745,0.5392953753471375,27.61130714416504,default
533067.543704,0.5705479979515076,27.564655303955078,default
533067.5516209999,0.5974195599555969,27.710386276245117,default
533067.558432,0.5712394118309021,28.018695831298828,default
533067.565695,0.5301936864852905,27.725677490234375,default
533067.573711,0.99,20.923431396484375,default
533067.58319,0.757860541343689,20.683687210083008,default
533067.590916,0.8520357012748718,20.78646469116211,default
533067.598317,1.0,20.580974578857422,default
533067.605657,0.8695563673973083,20.86927032470703,default
533067.613803,0.9105941653251648,20.5987606048584,default
533067.622282,0.8948662877082825,20.63483428955078,default
533067.630471,0.8764503598213196,20.19713020324707,default
533067.637983,0.7603321075439453,20.70745277404785,default
533067.646623,0.776148796081543,20.585433959960938,default
533067.655515,0.8583479523658752,20.655447006225586,default
533067.66368,0.7558568716049194,20.651630401611328,default
533067.670702,0.8402209281921387,20.443206787109375,default
533067.67955,0.8266258835792542,20.761194229125977,default
533067.687228,0.771294891834259,20.488555908203125,default
533067.694131,0.8841142058372498,20.50838851928711,default
533067.703001,0.8842612504959106,20.57941436767578,default
533067.709851,0.8996773958206177,20.200008392333984,default
533067.717723,0.8739432692527771,20.792043685913086,default
533067.725872,0.8017842769622803,20.93752670288086,default
533067.73371,0.9458567500114441,20.545856475830078,default
533067.742935,0.8275172710418701,20.7712345123291,default
533067.751594,0.8813028335571289,21.03858184814453,default
533067.758775,0.91162109375,20.492345809936523,default
533067.767582,0.8620221018791199,20.54538345336914,default
533067.774181,0.8357275128364563,20.841476440429688,default
533067.782233,0.8766220211982727,20.09762954711914,default
533067.790543,0.8108459115028381,20.569936752319336,default
533067.798565,0.8546594977378845,20.650135040283203,default
533067.806362,0.8522881865501404,20.463993072509766,default
533067.815964,0.8785927295684814,20.709352493286133,default
533067.824195,0.9752079844474792,20.815387725830078,default
533067.831759,0.7864478826522827,20.484037399291992,default
533067.8377,0.707185685634613,19.93583869934082,default
533067.845835,0.8240481615066528,20.462268829345703,default
533067.854686,0.698932945728302,20.601520538330078,default
533067.865101,0.7559840679168701,20.69707679748535,default
533067.871691,0.45259231328964233,20.437213897705078,default
533067.882432,0.99,10.40854549407959,default
533067.892844,0.8455056548118591,11.488472938537598,default
533067.9025719999,0.6878333687782288,11.47175407409668,default
533067.915741,0.6576016545295715,10.094110488891602,default
533067.927277,0.534791886806488,10.66151237487793,default
533067.939049,0.6106761693954468,11.8775053024292,default
533067.95139,0.8239697217941284,11.29757308959961,default
533067.958586,0.8380982279777527,12.195006370544434,default
533067.967652,0.5514084100723267,13.117496490478516,default
533067.980671,0.5757845044136047,12.394469261169434,default
533067.992956,0.4270896315574646,11.442164421081543,default
533068.006097,0.7443141341209412,11.720572471618652,default
533068.013576,0.41902631521224976,12.50900936126709,default
533068.02646,0.8285648822784424,11.620548248291016,default
533068.03536,0.0,0.0,default
533068.05914,0.0,0.0,default
533068.079559,0.8069118110165817,11.221755981445312,default
533068.103748,0.9402099473502166,13.441962242126465,default
533068.123786,0.8204343914985657,13.462151527404785,default
533068.131972,0.2991546392440796,22.07485008239746,default
533068.142697,0.8281776905059814,25.675434112548828,default
533068.149967,0.5564848184585571,24.180234909057617,default
533068.160191,0.33939358592033386,29.958538055419922,default
533068.171957,0.4612428843975067,32.55015563964844,default
533068.182259,0.0,0.0,default
533068.200483,0.9421238470865664,12.647745132446289,default
533068.210682,0.27284565567970276,14.111470222473145,default
533068.221672,0.36058464646339417,17.872726440429688,default
533068.232706,0.99,10.60877513885498,default
533068.25006,0.7182186245918274,11.673005104064941,default
533068.257827,0.9115533232688904,12.830106735229492,default
533068.266837,0.5817339420318604,10.035913467407227,default
533068.275179,0.6021735668182373,11.30884838104248,default
533068.2819749999,0.73934006690979,11.204996109008789,default
533068.2911629999,0.745551347732544,12.510144233703613,default
533068.298323,0.9054486751556396,10.662899017333984,default
533068.306683,0.7500451803207397,11.777007102966309,default
533068.31357,0.843927264213562,12.930876731872559,default
533068.3216179999,0.9342923760414124,10.02685832977295,default
533068.329679,0.9236692786216736,11.231860160827637,default
533068.3377939999,0.9415080547332764,9.96972370147705,default
533068.345555,0.922461986541748,10.589269638061523,default
533068.355411,0.7612237334251404,12.193403244018555,default
533068.362942,0.6376014351844788,12.604941368103027,default
533068.370645,0.6252054572105408,12.959370613098145,default
533068.37801,0.6331676244735718,13.334477424621582,default
533068.3897759999,0.3658905625343323,13.568822860717773,default
533068.397798,0.99,20.958908081054688,default
533068.40932,0.8851869702339172,22.86353302001953,default
533068.418063,0.7003765106201172,24.00639533996582,default
533068.425271,0.5522918701171875,23.885072708129883,default
533068.431358,0.7284653186798096,24.19379425048828,default
533068.4397689999,0.7034061551094055,23.992372512817383,default
533068.447588,0.6641537547111511,24.111820220947266,default
533068.453994,0.6613638401031494,24.165058135986328,default
533068.461681,0.8003867268562317,23.9725341796875,default
533068.469875,0.7424188256263733,24.291770935058594,default
533068.47813,0.7602364420890808,23.962318420410156,default
533068.487068,0.7223637104034424,24.091901779174805,default
533068.4950229999,0.692112147808075,24.095306396484375,default
533068.501763,0.8038144707679749,24.312145233154297,default
533068.5097769999,0.7881540656089783,23.893508911132812,default
533068.51771,0.8751804232597351,24.051626205444336,default
533068.525735,0.7004775404930115,24.20586395263672,default
533068.534659,0.7941804528236389,23.89177894592285,default
533068.54223,0.6812819242477417,23.886474609375,default
533068.549754,0.7041840553283691,24.40335464477539,default
533068.557734,0.661297082901001,24.146595001220703,default
533068.565767,0.7011991143226624,24.317115783691406,default
533068.573647,0.6917213797569275,24.18580436706543,default
533068.5818309999,0.6552369594573975,24.09383201599121,default
533068.590701,0.8436436653137207,24.075103759765625,default
533068.599821,0.8800546526908875,23.992900848388672,default
533068.606666,0.8190234899520874,23.791183471679688,default
533068.614103,0.8299160003662109,23.885141372680664,default
533068.621715,0.7265454530715942,24.06428337097168,default
533068.630157,0.8690950274467468,23.96343421936035,default
533068.638005,0.7921865582466125,24.126941680908203,default
533068.645821,0.658898115158081,24.113489151000977,default
533068.653814,0.5820164084434509,23.90589714050293,default
533068.661673,0.6273138523101807,23.58982276916504,default
533068.6709639999,0.5527656674385071,23.31798553466797,default
533068.677602,0.629526674747467,23.525924682617188,default
533068.685744,0.5577321648597717,23.401260375976562,default
533068.693636,0.6600510478019714,23.368793487548828,default
533068.70176,0.602135181427002,23.39519500732422,default
533068.71064,0.6565600037574768,23.341888427734375,default
533068.71947,0.5268951654434204,23.82423210144043,default
533068.72685,0.623718798160553,23.474885940551758,default
533068.734481,0.6891821026802063,23.743366241455078,default
533068.74256,0.6077811121940613,23.086347579956055,default
533068.750706,0.7400871515274048,22.934110641479492,default
533068.759067,0.7514039278030396,23.57411766052246,default
533068.766523,0.7210721373558044,23.278589248657227,default
533068.774819,0.7091500163078308,23.384456634521484,default
533068.781795,0.7842316031455994,23.592634201049805,default
533068.789661,0.7705119848251343,23.127281188964844,default
533068.797739,0.7891401648521423,23.150222778320312,default
533068.806169,0.8148941397666931,23.392040252685547,default
533068.814894,0.9370161294937134,23.298377990722656,default
533068.822604,0.7113252282142639,23.127281188964844,default
533068.83126,0.8954203128814697,23.039531707763672,default
533068.839581,0.9220054149627686,23.268753051757812,default
533068.848086,0.817022979259491,23.713735580444336,default
533068.857832,0.9447907209396362,23.47859764099121,default
533068.865691,0.8261218070983887,23.318185806274414,default
533068.873741,0.8917222619056702,23.416322708129883,default
533068.881697,0.9578866362571716,23.357295989990234,default
533068.890648,0.896723747253418,23.87230682373047,default
533068.897749,0.9706937670707703,23.491504669189453,default
533068.905879,0.7719302773475647,23.32726287841797,default
533068.913561,0.8132681250572205,23.506805419921875,default
533068.921755,0.8529403209686279,23.670637130737305,default
533068.9296169999,0.7814319729804993,23.722309112548828,default
533068.937687,0.9179825186729431,23.547958374023438,default
533068.946189,0.8538414835929871,23.304576873779297,default
533068.954124,0.8102464079856873,23.24132537841797,default
533068.961584,0.8238641619682312,23.538997650146484,default
533068.969587,0.8109380602836609,23.62681770324707,default
533068.97771,0.8692265152931213,23.356016159057617,default
533068.9856819999,0.9809637665748596,23.22691535949707,default
533068.994362,0.7933030128479004,23.312570571899414,default
533069.002981,0.8440918326377869,23.202632904052734,default
533069.012012,0.8430426120758057,23.507312774658203,default
533069.018651,0.8690744042396545,23.637569427490234,default
533069.02652,0.7687350511550903,23.692413330078125,default
533069.034759,0.7311812043190002,23.447776794433594,default
533069.043506,0.8844054937362671,23.205373764038086,default
533069.050978,0.8613311648368835,23.096776962280273,default
533069.0594029999,0.9391446709632874,23.085737228393555,default
533069.068845,0.7884835004806519,23.28445053100586,default
533069.074012,0.9632035493850708,23.271053314208984,default
533069.081713,0.8926384449005127,23.344921112060547,default
533069.089559,0.7228338718414307,23.384172439575195,default
533069.097575,0.851352334022522,23.242408752441406,default
533069.106193,0.8297909498214722,23.34609603881836,default
533069.114392,0.80397629737854,23.25361442565918,default
533069.123296,0.8706048727035522,23.164142608642578,default
533069.132476,0.8072406053543091,22.837289810180664,default
533069.1382779999,0.8593003749847412,23.19165802001953,default
533069.145671,0.9594685435295105,23.362361907958984,default
533069.153756,0.7640653848648071,23.585689544677734,default
533069.161709,0.917141854763031,23.415143966674805,default
533069.169827,0.916479766368866,23.436962127685547,default
533069.17801,0.9631286263465881,23.230270385742188,default
533069.1866659999,0.7894505858421326,23.619686126708984,default
533069.19542,0.930185854434967,23.180694580078125,default
533069.201751,0.9117329120635986,23.757312774658203,default
533069.210121,0.8268696069717407,22.968961715698242,default
533069.217593,0.9630492329597473,22.925907135009766,default
533069.225975,0.900023341178894,23.111143112182617,default
533069.234314,0.7954930663108826,23.52361488342285,default
533069.242356,0.9505903124809265,23.529272079467773,default
533069.249735,0.962200403213501,22.930198669433594,default
533069.259095,0.9517490267753601,23.190343856811523,default
533069.265681,0.9216992259025574,22.92605209350586,default
533069.273697,0.9167506694793701,22.956790924072266,default
533069.281755,0.9179252982139587,23.126115798950195,default
533069.289931,0.9081844091415405,23.335664749145508,default
533069.298879,0.8272182941436768,23.057321548461914,default
533069.306303,0.8376638889312744,23.1263427734375,default
533069.3171699999,0.9116933345794678,22.82192611694336,default
533069.325679,0.9167423248291016,23.142335891723633,default
533069.3346439999,0.8798843026161194,22.820241928100586,default
533069.344192,0.895796000957489,22.975948333740234,default
533069.352329,0.941079318523407,23.138599395751953,default
533069.362183,0.8695235848426819,22.876873016357422,default
533069.36739,0.8768542408943176,22.854490280151367,default
533069.373702,0.8479356169700623,22.64419937133789,default
533069.38164,0.826274037361145,22.955711364746094,default
533069.389899,0.9831730127334595,22.7873592376709,default
533069.397732,0.9782268404960632,22.909221649169922,default
533069.4067769999,0.8404035568237305,23.000192642211914,default
533069.415149,0.8982947468757629,22.943693161010742,default
533069.421634,0.9531806707382202,23.021398544311523,default
533069.429651,0.8683754205703735,23.002944946289062,sitting
533069.437641,0.8700478076934814,22.728580474853516,sitting
533069.44559,0.8675529360771179,22.775299072265625,sitting
533069.4536819999,0.9593709111213684,22.967674255371094,sitting
533069.4616009999,0.8934350609779358,22.7283992767334,sitting
533069.4697649999,0.8959527015686035,22.614582061767578,sitting
533069.478106,0.8089543581008911,22.651212692260742,sitting
533069.485615,0.8807711005210876,22.645498275756836,sitting
533069.493592,0.8541830778121948,22.797685623168945,sitting
533069.501653,0.9020822048187256,22.566558837890625,sitting
533069.509946,0.892219066619873,22.926319122314453,sitting
533069.5183,0.9403814077377319,22.483156204223633,sitting
533069.525838,0.7586578726768494,22.497114181518555,sitting
533069.5340089999,0.8387962579727173,22.092077255249023,sitting
533069.543711,0.8908613920211792,22.03026008605957,sitting
533069.552101,0.9138451814651489,22.36756134033203,sitting
533069.5600909999,0.9157275557518005,22.306047439575195,sitting
533069.5673379999,1.0,22.56561851501465,sitting
533069.573892,0.9031524658203125,22.102598190307617,sitting
533069.581652,0.9037294983863831,22.02503204345703,sitting
533069.589759,0.9081295728683472,22.506420135498047,sitting
533069.597616,0.9006694555282593,22.653295516967773,sitting
533069.605632,0.9992908835411072,22.670686721801758,sitting
533069.613657,0.895359456539154,22.83915138244629,sitting
533069.621793,0.967115581035614,22.633169174194336,sitting
533069.629552,0.812454342842102,22.278419494628906,sitting
533069.637585,0.8848077058792114,21.988670349121094,sitting
533069.645549,0.9094663858413696,22.18902015686035,sitting
533069.654058,0.93646639585495,22.338058471679688,sitting
533069.661621,0.9019284844398499,22.043807983398438,sitting
533069.669647,0.8610332608222961,22.200092315673828,sitting
533069.677946,0.8099713325500488,22.195085525512695,sitting
533069.687196,0.8439194560050964,21.88956069946289,sitting
533069.696736,0.8340780138969421,22.359092712402344,sitting
533069.706534,0.8218880891799927,22.250957489013672,sitting
533069.716175,0.9575676918029785,21.702640533447266,sitting
533069.723845,0.8056129217147827,22.110021591186523,sitting
533069.729364,0.9313180446624756,21.755708694458008,sitting
533069.73514,0.8623162508010864,22.062742233276367,sitting
533069.741706,0.8958571553230286,21.950756072998047,sitting
533069.749779,0.939532995223999,21.744537353515625,sitting
533069.7589359999,0.9440811276435852,22.305437088012695,sitting
533069.771355,0.9529172778129578,22.316795349121094,sitting
533069.777437,0.9367607831954956,22.107358932495117,sitting
533069.785236,0.97896409034729,22.472095489501953,sitting
533069.793789,0.775540292263031,21.993227005004883,sitting
533069.802791,1.0,22.571664810180664,sitting
533069.810632,0.9576651453971863,22.126306533813477,sitting
533069.817619,0.9731414914131165,22.062490463256836,sitting
533069.825582,1.0,22.51483917236328,sitting
533069.833617,0.9180691242218018,22.650787353515625,sitting
533069.841643,0.9557549953460693,22.325300216674805,sitting
533069.849578,0.9730255007743835,22.10360336303711,sitting
533069.857772,0.9653167724609375,22.84717559814453,sitting
533069.865875,0.8904797434806824,22.602636337280273,sitting
533069.873642,1.0,22.28504180908203,sitting
533069.881755,0.9522011280059814,22.645009994506836,sitting
533069.889771,0.9936836957931519,22.839780807495117,sitting
533069.898258,0.9626643657684326,22.56833267211914,sitting
533069.907014,0.797616183757782,21.96210479736328,sitting
533069.915357,0.8075703978538513,22.29529571533203,sitting
533069.924265,0.8349558115005493,21.685232162475586,sitting
533069.933771,0.7863247394561768,21.820640563964844,sitting
533069.942183,0.8354189991950989,21.69645881652832,sitting
533069.95022,0.7835938334465027,21.243539810180664,sitting
533069.957877,0.6856045126914978,21.69708824157715,sitting
533069.96781,0.8175795674324036,21.4899845123291,sitting
533069.97203,0.7623519897460938,21.028261184692383,sitting
533069.980277,0.8168231844902039,20.978731155395508,sitting
533069.9874,0.7413944602012634,21.07648468017578,sitting
533069.9956189999,0.7693565487861633,21.316558837890625,sitting
533070.002037,0.7829717397689819,21.713958740234375,sitting
533070.011743,0.8034217357635498,22.481908798217773,sitting
533070.019787,0.7687872052192688,22.699338912963867,sitting
533070.0281,0.9192090034484863,22.316255569458008,sitting
533070.0362569999,0.9109330773353577,22.56852912902832,sitting
533070.043535,0.9014532566070557,22.478496551513672,sitting
533070.051884,0.9399279952049255,22.87755584716797,sitting
533070.058915,0.8955796957015991,22.82840347290039,sitting
533070.066587,0.865605354309082,22.648574829101562,sitting
533070.074686,0.951731264591217,22.634376525878906,sitting
533070.083698,0.9113655686378479,22.637754440307617,sitting
533070.089897,0.8850833177566528,22.34355354309082,sitting
533070.097695,0.9035866856575012,22.214054107666016,sitting
533070.105622,0.942818820476532,22.79732322692871,sitting
533070.113715,0.8641665577888489,22.874364852905273,sitting
533070.122043,0.7622323632240295,22.03690528869629,sitting
533070.130077,0.8417651653289795,22.792022705078125,sitting
533070.137633,0.9184098839759827,22.970182418823242,sitting
533070.146544,0.9180663824081421,22.604307174682617,sitting
533070.154917,0.9025962948799133,22.7474308013916,sitting
533070.164104,0.883919894695282,22.627487182617188,sitting
533070.1728139999,0.9432798624038696,22.89223289489746,sitting
533070.180432,0.9197733402252197,22.9033145904541,sitting
533070.188711,0.8016542196273804,22.769350051879883,sitting
533070.197107,0.784353494644165,22.8723087310791,sitting
533070.203931,0.94566810131073,22.686771392822266,sitting
533070.210921,0.9629335403442383,22.903568267822266,sitting
533070.218061,0.8677551746368408,22.904890060424805,sitting
533070.226315,0.9180039167404175,22.96467399597168,sitting
533070.234186,0.7624859809875488,22.984827041625977,sitting
533070.241864,0.858945369720459,22.568944931030273,sitting
533070.250799,0.7941868901252747,22.592525482177734,sitting
533070.261723,0.7191717624664307,22.67905044555664,sitting
533070.270561,0.8190683126449585,22.705739974975586,sitting
533070.27958,0.7725310325622559,22.741546630859375,sitting
533070.28734,0.6509759426116943,22.843183517456055,sitting
533070.299273,0.9124500751495361,22.81219482421875,sitting
533070.305641,0.7910680770874023,22.41915512084961,sitting
533070.311778,0.8116591572761536,22.320152282714844,sitting
533070.317622,0.7912936210632324,22.271533966064453,sitting
533070.325779,0.8575116991996765,22.63506317138672,sitting
533070.334279,0.8803669214248657,22.401004791259766,sitting
533070.3417529999,0.8865332007408142,22.445554733276367,sitting
533070.349764,0.9003716111183167,22.635129928588867,sitting
533070.35776,0.85065096616745,22.854108810424805,sitting
533070.365613,0.9519522190093994,22.929218292236328,sitting
533070.373685,0.9375447034835815,22.88663101196289,sitting
533070.38185,0.9071916341781616,23.436203002929688,sitting
533070.38984,0.906583309173584,23.07187271118164,sitting
533070.397742,0.850369393825531,22.581750869750977,sitting
533070.406236,0.9345075488090515,22.64118766784668,sitting
533070.414793,0.8792524933815002,22.633920669555664,sitting
533070.422691,0.8294498324394226,22.64089584350586,sitting
533070.43066,0.9141348600387573,22.539457321166992,sitting
533070.437823,0.8439459204673767,22.790590286254883,sitting
533070.445791,0.8157055974006653,22.805885314941406,sitting
533070.454579,0.8445321321487427,22.683176040649414,sitting
533070.463322,0.6283950805664062,22.631040573120117,sitting
533070.478142,0.8845347762107849,22.464191436767578,sitting
533070.486833,0.791945219039917,22.33009910583496,sitting
533070.494949,0.7970380783081055,22.54888343811035,sitting
533070.501845,0.7824610471725464,22.506113052368164,sitting
533070.510045,0.7408271431922913,21.710397720336914,sitting
533070.51881,0.9285286664962769,21.623422622680664,sitting
533070.526418,0.867816686630249,21.771343231201172,sitting
533070.533667,0.9855198860168457,22.33504295349121,sitting
533070.541727,0.9722238183021545,22.05525016784668,sitting
533070.549728,0.8337931632995605,22.493453979492188,sitting
533070.5585,0.8297827243804932,22.544355392456055,sitting
533070.56575,0.8817325830459595,22.58310890197754,sitting
533070.5738349999,0.8688391447067261,22.653257369995117,sitting
533070.581789,0.850804328918457,22.102567672729492,sitting
533070.591177,0.9088462591171265,22.516626358032227,sitting
533070.598001,0.8866066932678223,22.522733688354492,sitting
533070.605845,0.7029717564582825,22.935100555419922,sitting
533070.613672,0.8822133541107178,22.334640502929688,sitting
533070.62342,0.8612313866615295,22.423648834228516,sitting
533070.631547,0.8885357975959778,22.16241455078125,sitting
533070.638589,0.76979660987854,22.440786361694336,sitting
533070.645684,0.8856859803199768,22.420734405517578,sitting
533070.653843,0.9075242280960083,22.403966903686523,sitting
533070.66205,0.8195945024490356,22.700340270996094,sitting
533070.670034,0.7951416373252869,22.274002075195312,sitting
533070.677779,0.71396803855896,21.79068374633789,sitting
533070.685814,0.6023580431938171,21.68988609313965,sitting
533070.701132,0.7026631832122803,21.380971908569336,sitting
533070.7077029999,0.6615865230560303,21.3843936920166,sitting
533070.721914,0.7577191591262817,21.417322158813477,sitting
533070.731466,0.7122749090194702,21.63628387451172,sitting
533070.740901,0.7970898747444153,21.34471321105957,sitting
533070.750097,0.6821941137313843,21.49512481689453,sitting
533070.766648,0.721125066280365,21.53652000427246,sitting
533070.7765,0.795917809009552,21.497777938842773,sitting
533070.786558,0.7397112846374512,21.574953079223633,sitting
533070.793683,0.7574654221534729,21.93123435974121,sitting
533070.801582,0.7382020950317383,21.698251724243164,sitting
533070.809747,0.7702099680900574,21.44305992126465,sitting
533070.817611,0.7561071515083313,21.648670196533203,sitting
533070.825715,0.7851710319519043,21.73668098449707,sitting
533070.8336959999,0.7426137924194336,22.123638153076172,sitting
533070.842723,0.703606367111206,21.9217472076416,sitting
533070.851815,0.7160601019859314,21.955101013183594,sitting
533070.860997,0.6767985224723816,21.963808059692383,sitting
533070.876439,0.7421467304229736,21.805801391601562,sitting
533070.886284,0.6433938145637512,21.97358512878418,sitting
533070.900038,0.822452187538147,21.58584213256836,sitting
533070.906625,0.7575463652610779,22.089879989624023,sitting
533070.9137329999,0.5315807461738586,22.972450256347656,sitting
533070.926811,0.7009612321853638,22.54044532775879,sitting
533070.931405,0.7792745232582092,22.308414459228516,sitting
533070.937627,0.8609586358070374,22.360376358032227,sitting
533070.945773,0.8782431483268738,22.465557098388672,sitting
533070.95734,0.7064864039421082,23.581661224365234,sitting
533070.964025,0.8849576115608215,23.16263771057129,sitting
533070.971625,0.738958477973938,22.86087417602539,sitting
533070.9781,0.6831682920455933,22.967554092407227,sitting
533070.9889069999,0.735043466091156,23.337085723876953,sitting
533070.996497,0.5942466855049133,24.249725341796875,sitting
533071.010508,0.6124430894851685,24.40562629699707,sitting
533071.02677,0.7035613059997559,23.514060974121094,sitting
533071.034761,0.7757997512817383,23.28355598449707,sitting
533071.041712,0.8726388812065125,23.027021408081055,sitting
533071.050065,0.9080254435539246,22.761173248291016,sitting
533071.057719,0.8074832558631897,22.044937133789062,sitting
533071.066478,0.8007342219352722,21.782596588134766,sitting
533071.075101,0.7892008423805237,22.037565231323242,sitting
533071.082296,0.7378341555595398,22.05321502685547,sitting
533071.091185,0.7371814250946045,22.30918312072754,sitting
533071.098336,0.7487788796424866,21.879636764526367,sitting
533071.106514,0.7422980666160583,21.59366226196289,sitting
533071.115494,0.6837334036827087,21.63505744934082,sitting
533071.133458,0.795134425163269,21.52133560180664,sitting
533071.143165,0.60487961769104,21.489803314208984,sitting
533071.157507,0.6991204619407654,21.610946655273438,sitting
533071.17427,0.7214970588684082,21.505786895751953,sitting
533071.180789,0.8196995854377747,21.654308319091797,sitting
533071.189057,0.7035823464393616,21.660995483398438,sitting
533071.197731,0.6987056732177734,21.154539108276367,sitting
533071.214076,0.7323172092437744,21.938688278198242,sitting
533071.222244,0.7188723087310791,21.250822067260742,sitting
533071.231587,0.8020747303962708,21.233022689819336,sitting
533071.239727,0.8648645877838135,21.567852020263672,sitting
533071.247104,0.8338823318481445,21.52510643005371,sitting
533071.25517,0.6896519064903259,21.726274490356445,sitting
533071.271291,0.8094303607940674,21.43943214416504,sitting
533071.280029,0.7953312993049622,21.36878204345703,sitting
533071.288869,0.8198791146278381,21.660358428955078,sitting
533071.2963609999,0.7962877750396729,21.555587768554688,sitting
533071.302773,0.8120939135551453,21.488304138183594,sitting
533071.30972,0.8690583109855652,21.455171585083008,sitting
533071.317611,0.7501391172409058,21.354421615600586,sitting
533071.326402,0.7654310464859009,21.381746292114258,sitting
533071.3350269999,0.7837110757827759,21.38495445251465,sitting
533071.344724,0.8174784183502197,21.235689163208008,sitting
533071.354003,0.7456169724464417,21.544551849365234,sitting
533071.3618269999,0.7788196802139282,21.484088897705078,sitting
533071.368559,0.8120781183242798,21.620283126831055,sitting
533071.375437,0.809862494468689,21.549774169921875,sitting
533071.382573,0.8042221069335938,21.37206268310547,sitting
533071.3896839999,0.7570652365684509,21.33220100402832,sitting
533071.397917,0.8402722477912903,21.246259689331055,sitting
533071.405837,0.8216550946235657,21.474857330322266,sitting
533071.414306,0.7387992143630981,21.406736373901367,sitting
533071.423214,0.6602722406387329,21.45221710205078,sitting
533071.442284,0.8301215171813965,21.914234161376953,sitting
533071.449888,0.6719436049461365,22.199735641479492,sitting
533071.469397,0.6963130235671997,22.153717041015625,sitting
533071.486867,0.7897500395774841,22.080717086791992,sitting
533071.493578,0.7598522901535034,21.918272018432617,sitting
533071.502549,0.8304733037948608,22.023202896118164,sitting
533071.509973,0.8098248243331909,21.819530487060547,sitting
533071.517758,0.7113597989082336,21.93743896484375,sitting
533071.5274499999,0.778468906879425,21.46229362487793,sitting
533071.535488,0.8114287257194519,21.42119789123535,sitting
533071.543666,0.6922585964202881,21.25132179260254,sitting
533071.557165,0.7071235775947571,21.182308197021484,sitting
533071.566193,0.7480342388153076,21.320735931396484,sitting
533071.573645,0.7522305846214294,21.271169662475586,sitting
533071.581792,0.7139589190483093,21.499984741210938,sitting
533071.58999,0.8215780258178711,21.28527069091797,sitting
533071.597901,0.7792052626609802,21.288713455200195,sitting
533071.607376,0.8197653889656067,21.702842712402344,sitting
533071.613868,0.904663622379303,21.45289421081543,sitting
533071.622096,0.9551272988319397,21.542495727539062,sitting
533071.629692,0.834316611289978,21.091415405273438,sitting
533071.637663,0.4755731523036957,20.87849998474121,sitting
533071.649198,0.45036399364471436,21.028324127197266,sitting
533071.6607819999,0.7270823774099592,22.105167388916016,sitting
533071.678454,0.99,10.545675277709961,sitting
533071.687606,0.0,0.0,sitting
533071.698028,0.0,0.0,sitting
533071.712774,0.8809003411377405,32.80840301513672,sitting
533071.724562,0.0,0.0,sitting
533071.7403129999,0.0,0.0,sitting
533071.751953,0.99,11.902079582214355,sitting
533071.7608609999,0.6151218414306641,13.161224365234375,sitting
533071.767516,0.5645185708999634,15.616434097290039,sitting
533071.774914,0.35358765721321106,19.690000534057617,sitting
533071.790932,0.5465031266212463,19.823976516723633,sitting
533071.804432,0.7884917558530732,14.279891967773438,sitting
533071.81303,0.785061218031715,20.885541915893555,sitting
533071.828286,0.3600780665874481,21.615415573120117,sitting
533071.8389399999,0.99,11.03000259399414,sitting
533071.851379,0.8511480689048767,10.841580390930176,sitting
533071.8589999999,0.954014003276825,10.119526863098145,sitting
533071.866058,1.0,11.617121696472168,sitting
533071.874554,0.7665665745735168,10.47887134552002,sitting
533071.882732,0.9675967693328857,10.86777400970459,sitting
533071.891307,1.0,11.346577644348145,sitting
533071.899159,1.0,11.821776390075684,sitting
533071.905693,0.847037672996521,10.965022087097168,sitting
533071.913799,0.838840901851654,11.50931167602539,sitting
533071.9221259999,0.9656177759170532,10.817316055297852,sitting
533071.92995,0.7946673631668091,10.898157119750977,sitting
533071.938606,0.5848933458328247,11.376529693603516,sitting
533071.946179,0.5931506338029434,21.432083129882812,sitting
533071.961986,0.99,10.750809669494629,sitting
533071.97195,0.9548563361167908,10.627280235290527,sitting
533071.977771,0.9080862402915955,12.149568557739258,sitting
533071.985838,0.8987578749656677,10.862224578857422,sitting
533071.994328,0.9818734526634216,11.656874656677246,sitting
533072.001901,0.6425793766975403,12.072266578674316,sitting
533072.010247,0.8430439829826355,10.949243545532227,sitting
533072.018242,0.9402300715446472,11.372424125671387,sitting
533072.026386,0.6626725196838379,10.865736961364746,sitting
533072.033918,0.8169286251068115,11.335522651672363,sitting
533072.041763,0.7524809837341309,10.466817855834961,sitting
533072.050351,0.5029190182685852,10.362295150756836,sitting
533072.059515,0.4152476489543915,11.131816864013672,sitting
533072.066792,0.8140323162078857,10.693133354187012,sitting
533072.075403,0.6973574161529541,13.32557487487793,sitting
533072.081546,0.7888002991676331,12.145606994628906,sitting
533072.0897509999,0.6394777894020081,11.715784072875977,sitting
533072.097845,0.0,0.0,sitting
533072.1168119999,0.0,0.0,sitting
533072.135206,0.0,0.0,sitting
533072.143279,0.0,0.0,sitting
533072.152258,0.0,0.0,sitting
533072.168586,0.99,10.66977596282959,sitting
533072.1940649999,0.8442321029164935,19.10380744934082,sitting
533072.206471,0.8537668585777283,19.747478485107422,sitting
533072.21531,0.7448694705963135,20.490543365478516,sitting
533072.224264,0.7738005518913269,20.979839324951172,sitting
533072.231623,0.8043269515037537,21.170442581176758,sitting
533072.240095,0.8780714273452759,21.55690574645996,sitting
533072.24696,0.8068875074386597,21.999364852905273,sitting
533072.255226,0.9013729691505432,22.289596557617188,sitting
533072.262527,0.8502950668334961,22.195056915283203,sitting
533072.269783,0.8937971591949463,21.87725830078125,sitting
533072.277784,0.860427975654602,22.263750076293945,sitting
533072.285803,0.8825699687004089,21.930967330932617,sitting
533072.294388,0.8501652479171753,22.145998001098633,sitting
533072.302932,0.8470807075500488,22.065494537353516,sitting
533072.312089,0.8877354860305786,22.099550247192383,sitting
533072.3193109999,0.8586860299110413,22.361783981323242,sitting
533072.327651,0.8476740717887878,21.98035430908203,sitting
533072.3351039999,0.9052223563194275,22.71222686767578,sitting
533072.34269,0.8740807771682739,22.647260665893555,sitting
533072.350778,0.9047585129737854,22.628225326538086,sitting
533072.358208,0.8788322806358337,22.637569427490234,sitting
533072.365596,0.9118071794509888,22.632007598876953,sitting
533072.373779,0.9135351777076721,22.71978759765625,sitting
533072.38238,0.899692177772522,22.77533721923828,sitting
533072.390474,0.8386051654815674,22.575759887695312,sitting
533072.39789,0.8961917757987976,22.478464126586914,sitting
533072.406998,0.9140504002571106,22.403718948364258,sitting
533072.41503,0.9703658223152161,22.626663208007812,sitting
533072.422725,0.9069721698760986,22.909900665283203,sitting
533072.429558,0.8695712685585022,23.2379093170166,sitting
533072.437657,0.9430114030838013,22.828855514526367,sitting
533072.445736,0.9691347479820251,22.682392120361328,sitting
533072.453699,0.8730039596557617,23.119171142578125,sitting
533072.461579,0.8634310364723206,22.627164840698242,sitting
533072.4698879999,0.9185113310813904,23.139690399169922,sitting
533072.477614,0.8832422494888306,22.600229263305664,sitting
533072.48595,0.9368094801902771,22.372440338134766,sitting
533072.494949,0.8424281477928162,22.178997039794922,sitting
533072.502333,0.8640630841255188,22.31805992126465,sitting
533072.510292,0.9602641463279724,22.505088806152344,sitting
533072.51836,0.6816152930259705,22.82316780090332,sitting
533072.526598,0.8480813503265381,23.112451553344727,sitting
533072.533847,0.8822166919708252,23.116453170776367,sitting
533072.541808,0.8938912153244019,22.818632125854492,sitting
533072.549683,0.8404805064201355,23.157150268554688,sitting
533072.557611,0.9294203519821167,22.80888557434082,sitting
533072.565577,0.884098470211029,22.883224487304688,sitting
533072.57392,0.8138723373413086,23.39851188659668,sitting
533072.582093,0.763308584690094,22.421306610107422,sitting
533072.589857,0.8394190669059753,22.734498977661133,sitting
533072.601744,0.7948455214500427,22.822423934936523,sitting
533072.610266,0.7229650020599365,22.901742935180664,sitting
533072.6195799999,0.7599495649337769,22.825820922851562,sitting
533072.629587,0.88588547706604,22.63441276550293,sitting
533072.638047,0.8471616506576538,22.24784278869629,sitting
533072.646414,0.7876444458961487,22.52618408203125,sitting
533072.653282,0.7938500642776489,22.250234603881836,sitting
533072.660715,0.7072126269340515,22.404508590698242,sitting
533072.6670049999,0.7567200064659119,22.20784568786621,sitting
533072.673727,0.7071489095687866,21.175487518310547,sitting
533072.681645,0.7622135877609253,20.88167381286621,sitting
533072.6905329999,0.8574787974357605,20.485353469848633,sitting
533072.697795,0.7504557371139526,19.81302261352539,sitting
533072.705692,0.5185889601707458,19.754545211791992,sitting
533072.713601,0.8916370949028534,11.054194450378418,sitting
533072.7288629999,0.99,11.282920837402344,sitting
533072.736035,0.7283969521522522,11.410021781921387,sitting
533072.74415,1.0,11.965267181396484,sitting
533072.751511,1.0,12.111696243286133,sitting
533072.760665,0.8685520887374878,10.833340644836426,sitting
533072.768692,0.8122227787971497,11.268178939819336,sitting
533072.7759659999,1.0,10.876280784606934,sitting
533072.784899,0.8702752590179443,11.478893280029297,sitting
533072.794473,0.5756980776786804,9.777832984924316,sitting
533072.802098,0.8993847966194153,10.595792770385742,sitting
533072.8097999999,0.7629098892211914,12.033905982971191,sitting
533072.817774,0.40900843572888373,61.49493408203125,sitting
533072.842342,0.0,0.0,sitting
533072.863957,0.0,0.0,sitting
533072.878954,0.0,0.0,sitting
533072.887114,0.8013564465915556,22.605680465698242,sitting
533072.897654,0.37332022190093994,22.00303840637207,sitting
533072.904633,0.99,10.334088325500488,sitting
533072.9138099999,0.5774109363555908,10.162528991699219,sitting
533072.921845,0.1736345887184143,33.61787033081055,sitting
533072.931587,0.0,0.0,sitting
533072.9403659999,0.3608524685545655,69.3174819946289,sitting
533072.961033,0.99,10.620705604553223,sitting
533072.97539,0.7354595065116882,9.995135307312012,sitting
533072.98349,0.5622174143791199,10.53471851348877,sitting
533072.992238,0.7599838376045227,12.240793228149414,sitting
533073.001997,0.8210066556930542,13.277507781982422,sitting
533073.011576,0.743342399597168,12.563599586486816,sitting
533073.019572,0.7153611183166504,13.84961223602295,sitting
533073.027387,0.7430744122805928,18.062786102294922,sitting
533073.041284,0.76333087682724,19.640417098999023,sitting
533073.049168,0.8966833353042603,20.343339920043945,sitting
533073.053114,0.8310059309005737,20.370086669921875,sitting
533073.06155,0.8062365055084229,20.584394454956055,sitting
533073.071208,0.8193530440330505,20.447345733642578,sitting
533073.079644,0.8324428200721741,20.57685661315918,sitting
533073.0879,0.8460559248924255,20.357688903808594,sitting
533073.0955599999,0.8002837300300598,20.63726806640625,sitting
533073.103704,0.8058691620826721,20.597654342651367,sitting
533073.1123929999,0.7927902936935425,20.59613037109375,sitting
533073.119439,0.7700917720794678,20.41541290283203,sitting
533073.126633,0.7922617197036743,20.491043090820312,sitting
533073.134509,0.8029769062995911,20.282453536987305,sitting
533073.143219,0.8155664801597595,20.507116317749023,sitting
533073.150715,0.811489462852478,20.38756561279297,sitting
533073.158553,0.7718385457992554,20.305490493774414,sitting
533073.167289,0.8200086951255798,20.601139068603516,sitting
533073.173803,0.866709291934967,20.60222625732422,sitting
533073.181702,0.8213966488838196,20.2996768951416,sitting
533073.190849,0.8539472818374634,20.42308235168457,sitting
533073.198895,0.7625814080238342,20.365713119506836,sitting
533073.206391,0.8312485218048096,20.920635223388672,sitting
533073.213938,0.7832112312316895,20.3743896484375,sitting
533073.221915,0.8769303560256958,20.254043579101562,sitting
533073.2301459999,0.7059708833694458,20.459314346313477,sitting
533073.237667,0.78329998254776,20.19138526916504,sitting
533073.247326,0.7960687875747681,19.84511375427246,sitting
533073.255334,0.8321406841278076,19.586803436279297,sitting
533073.263501,0.8249823451042175,19.489404678344727,sitting
533073.270605,0.8604682683944702,18.872100830078125,sitting
533073.278436,0.7727190256118774,18.52754020690918,sitting
533073.28567,0.8007626533508301,18.415800094604492,sitting
533073.294887,0.6163434386253357,18.618867874145508,sitting
533073.301812,0.99,10.680161476135254,sitting
533073.312671,0.5193772315979004,12.403929710388184,sitting
533073.320699,0.5435819625854492,10.664050102233887,sitting
533073.327349,0.8620678782463074,10.008074760437012,sitting
533073.33487,0.5098810195922852,11.233020782470703,sitting
533073.341755,0.0,0.0,sitting
533073.349801,0.0,0.0,sitting
533073.360837,0.0,0.0,sitting
533073.368757,0.99,11.167828559875488,sitting
533073.3785999999,0.6711103946790757,13.042036056518555,sitting
533073.390266,0.99,10.146175384521484,sitting
533073.398806,0.0,0.0,sitting
533073.406721,0.0,0.0,sitting
533073.419064,0.0,0.0,sitting
533073.43212,0.0,0.0,sitting
533073.447684,0.0,0.0,sitting
533073.4622889999,0.8969265805528435,22.53033447265625,sitting
533073.469678,0.0,0.0,sitting
533073.482076,0.0,0.0,sitting
533073.496969,0.0,0.0,sitting
533073.5108469999,0.0,0.0,sitting
533073.519582,0.0,0.0,sitting
533073.53241,0.0,0.0,sitting
533073.546167,0.0,0.0,sitting
533073.56051,0.6231005992992306,17.534042358398438,sitting
533073.577384,0.46935765291268333,16.317319869995117,sitting
533073.594066,0.6685449561238517,34.06831741333008,sitting
533073.612148,0.3352363705635071,33.52049255371094,sitting
533073.6259389999,0.3854891061782837,33.37260818481445,sitting
533073.63442,0.0,0.0,sitting
533073.641907,0.99,12.541908264160156,sitting
533073.649904,0.6521874070167542,15.44921875,sitting
533073.663032,0.565121591091156,14.916245460510254,sitting
533073.681155,0.6586649810240026,14.486249923706055,sitting
533073.697736,0.0,0.0,sitting
533073.711512,0.0,0.0,sitting
533073.729828,0.0,18.577556610107422,sitting
533073.745126,0.0,0.0,sitting
533073.7518569999,0.0,0.0,sitting
533073.770558,0.8653255378186336,12.479594230651855,sitting
533073.788808,0.6242491741448851,13.590557098388672,sitting
533073.805296,0.99,10.3385009765625,sitting
533073.815784,0.5037349462509155,11.183292388916016,sitting
533073.826255,0.6608136296272278,10.031424522399902,sitting
533073.836012,0.5932983756065369,10.923687934875488,sitting
533073.846602,0.6277996301651001,10.986091613769531,sitting
533073.856923,0.6459193825721741,12.613707542419434,sitting
533073.864956,0.5205978155136108,12.051751136779785,sitting
533073.871579,0.6760959625244141,11.258089065551758,sitting
533073.8787209999,0.5897119641304016,10.415470123291016,sitting
533073.888222,0.6572933793067932,10.849259376525879,sitting
533073.896843,0.4201718866825104,10.908601760864258,sitting
533073.9062269999,0.5080657601356506,12.698433876037598,sitting
533073.915243,0.5731489658355713,13.079339027404785,sitting
533073.923705,0.4369351267814636,12.672515869140625,sitting
533073.932132,0.99,10.866086959838867,sitting
533073.944162,0.574070394039154,12.529681205749512,sitting
533073.95173,0.7426865696907043,13.383017539978027,sitting
533073.958321,0.9120210409164429,10.948633193969727,sitting
533073.967282,0.7538855671882629,10.846837043762207,sitting
533073.973556,0.7342763543128967,12.245782852172852,sitting
533073.977726,0.49216997623443604,12.30172061920166,sitting
533073.985694,0.660671591758728,11.747820854187012,sitting
533073.998693,0.4938214421272278,11.45290756225586,sitting
533074.006716,0.588674008846283,12.125914573669434,sitting
533074.0157239999,0.7847958207130432,10.725855827331543,sitting
533074.023851,0.8878068923950195,10.837693214416504,sitting
533074.031663,0.8130527138710022,11.808183670043945,sitting
533074.038172,0.8450675010681152,12.084492683410645,sitting
533074.045587,0.6324640512466431,12.856650352478027,sitting
533074.053796,0.5222370624542236,13.883540153503418,sitting
533074.061782,0.99,19.7076416015625,sitting
533074.072446,0.7091660499572754,18.976398468017578,reading-sitting
533074.079977,0.5945093035697937,19.480648040771484,reading-sitting
533074.087224,0.5923036336898804,18.420860290527344,reading-sitting
533074.09418,0.5209867358207703,18.92361068725586,reading-sitting
533074.101686,0.5394762754440308,18.193988800048828,reading-sitting
533074.109686,0.5656449794769287,19.561452865600586,reading-sitting
533074.118155,0.5186328291893005,18.955202102661133,reading-sitting
533074.125826,0.5471585988998413,18.870254516601562,reading-sitting
533074.134421,0.44382306933403015,19.34485626220703,reading-sitting
533074.141729,0.5394924283027649,18.621105194091797,reading-sitting
533074.149829,0.47282880544662476,19.099720001220703,reading-sitting
533074.157996,0.48791104555130005,19.511642456054688,reading-sitting
533074.165725,0.7297167778015137,20.47144889831543,reading-sitting
533074.173764,0.7938129305839539,22.092609405517578,reading-sitting
533074.181797,0.9207258224487305,22.296857833862305,reading-sitting
533074.189797,0.8438708186149597,22.537160873413086,reading-sitting
533074.197698,0.8698855042457581,22.743497848510742,reading-sitting
533074.2058229999,0.7897439002990723,22.390636444091797,reading-sitting
533074.213693,1.0,22.535083770751953,reading-sitting
533074.221643,0.996120274066925,22.431171417236328,reading-sitting
533074.229557,0.9525216817855835,22.180723190307617,reading-sitting
533074.237726,0.8640003204345703,21.934856414794922,reading-sitting
533074.245872,0.874079704284668,22.125688552856445,reading-sitting
533074.2535999999,0.7439723610877991,22.135997772216797,reading-sitting
533074.261784,0.8660416007041931,22.305400848388672,reading-sitting
533074.269874,0.8775509595870972,22.358322143554688,reading-sitting
533074.278864,0.9602647423744202,21.88783836364746,reading-sitting
533074.28773,0.7674176692962646,22.42756462097168,reading-sitting
533074.295428,0.93008953332901,22.42664337158203,reading-sitting
533074.315157,0.9215853810310364,22.18476104736328,reading-sitting
533074.32316,0.9121657013893127,22.509145736694336,reading-sitting
533074.329852,0.9871344566345215,22.292226791381836,reading-sitting
533074.3348579999,0.9001631736755371,22.459016799926758,reading-sitting
533074.341603,0.892886757850647,23.171363830566406,reading-sitting
533074.349589,0.9090014696121216,23.30216407775879,reading-sitting
533074.357678,0.9548301696777344,23.361652374267578,reading-sitting
533074.365745,0.8670576810836792,23.341297149658203,reading-sitting
533074.375867,0.7163504362106323,23.042478561401367,reading-sitting
533074.3843489999,0.7418761849403381,23.508352279663086,reading-sitting
533074.392394,0.9372439980506897,23.37083625793457,reading-sitting
533074.402165,0.9359293580055237,23.12636947631836,reading-sitting
533074.410815,0.8554416298866272,22.953062057495117,reading-sitting
533074.4197419999,0.9318795800209045,22.725492477416992,reading-sitting
533074.42631,0.8608617186546326,23.994779586791992,reading-sitting
533074.435031,1.0,23.728300094604492,reading-sitting
533074.441382,0.5903627276420593,23.794219970703125,reading-sitting
533074.447432,0.7343563437461853,23.86073112487793,reading-sitting
533074.455433,0.8451396226882935,23.75119400024414,reading-sitting
533074.465583,0.6983869075775146,23.797176361083984,reading-sitting
533074.47369,0.6879044771194458,23.813255310058594,reading-sitting
533074.481567,0.8128109574317932,23.229801177978516,reading-sitting
533074.48972,0.9525291323661804,23.0568790435791,reading-sitting
533074.497523,0.6896606683731079,23.49992561340332,reading-sitting
533074.505632,0.6280801892280579,23.610111236572266,reading-sitting
533074.513928,0.7563018202781677,23.670618057250977,reading-sitting
533074.523977,0.8159496188163757,23.77092933654785,reading-sitting
533074.532929,0.5636737942695618,23.760034561157227,reading-sitting
533074.540362,0.6284287571907043,23.191165924072266,reading-sitting
533074.547822,0.5955239534378052,22.945955276489258,reading-sitting
533074.555649,0.8090254664421082,22.106515884399414,reading-sitting
533074.561749,0.9076400995254517,21.701154708862305,reading-sitting
533074.569588,0.9114107489585876,21.450817108154297,reading-sitting
533074.577656,0.8267014622688293,21.359668731689453,reading-sitting
533074.585575,0.8534713983535767,21.148967742919922,reading-sitting
533074.593658,0.9986182451248169,20.831161499023438,reading-sitting
533074.601574,0.9748000502586365,20.679019927978516,reading-sitting
533074.609599,0.7379687428474426,20.596771240234375,reading-sitting
533074.61755,0.8019842505455017,20.417261123657227,reading-sitting
533074.625614,0.8936848044395447,20.471559524536133,reading-sitting
533074.6367179999,0.7022091150283813,20.031654357910156,reading-sitting
533074.641774,0.839615523815155,19.97286033630371,reading-sitting
533074.649536,0.9062442779541016,20.131576538085938,reading-sitting
533074.657638,0.7709201574325562,19.97361183166504,reading-sitting
533074.66576,0.6853946447372437,20.110546112060547,reading-sitting
533074.674131,0.867167055606842,20.313446044921875,reading-sitting
533074.682925,0.7633525133132935,20.55184555053711,reading-sitting
533074.6904429999,0.6435462832450867,20.44305419921875,reading-sitting
533074.699393,0.7890992760658264,19.903200149536133,reading-sitting
533074.708271,0.7321659922599792,20.260452270507812,reading-sitting
533074.715967,0.822900116443634,20.211217880249023,reading-sitting
533074.724925,0.7909398078918457,20.055347442626953,reading-sitting
533074.733598,0.8030490279197693,19.85831069946289,reading-sitting
533074.7433099999,0.8133461475372314,19.794198989868164,reading-sitting
533074.75183,0.8854368925094604,19.915191650390625,reading-sitting
533074.759986,0.81368088722229,20.32186508178711,reading-sitting
533074.769207,0.8209900259971619,20.1749210357666,reading-sitting
533074.784601,0.8155802488327026,20.06620216369629,reading-sitting
533074.7937779999,0.7637568712234497,19.871728897094727,reading-sitting
533074.802159,0.8239195942878723,20.10605239868164,reading-sitting
533074.80967,0.8600923418998718,19.913267135620117,reading-sitting
533074.817547,0.7937131524085999,19.957883834838867,reading-sitting
533074.825684,0.7774720191955566,19.82804298400879,reading-sitting
533074.833572,0.736754298210144,19.852922439575195,reading-sitting
533074.841794,0.7774308323860168,19.844335556030273,reading-sitting
533074.849539,0.8108134269714355,19.8668212890625,reading-sitting
533074.857619,0.8615126013755798,19.388696670532227,reading-sitting
533074.865531,0.8050232529640198,19.63966941833496,reading-sitting
533074.873634,0.6541592478752136,19.592180252075195,reading-sitting
533074.881569,0.8209812641143799,19.120891571044922,reading-sitting
533074.8900819999,0.7710177898406982,19.223154067993164,reading-sitting
533074.898729,0.8879502415657043,19.52602767944336,reading-sitting
533074.907909,0.8584457039833069,19.934459686279297,reading-sitting
533074.917034,0.7481595277786255,19.25352668762207,reading-sitting
533074.925598,0.807908833026886,18.863712310791016,reading-sitting
533074.935063,0.6195229291915894,19.16380500793457,reading-sitting
533074.944392,0.5990928411483765,19.515283584594727,reading-sitting
533074.95277,0.6887288093566895,18.964677810668945,reading-sitting
533074.9601039999,0.7847791910171509,19.505210876464844,reading-sitting
533074.967008,0.6963854432106018,18.78534698486328,reading-sitting
533074.973937,0.7466602325439453,19.304471969604492,reading-sitting
533074.982546,0.7766534686088562,19.123348236083984,reading-sitting
533074.990779,0.8842856287956238,19.155942916870117,reading-sitting
533074.998016,0.7193830013275146,19.671894073486328,reading-sitting
533075.006225,0.7043200135231018,19.733354568481445,reading-sitting
533075.015307,0.850156843662262,19.792020797729492,reading-sitting
533075.022759,0.597495436668396,19.970020294189453,reading-sitting
533075.030402,0.588750422000885,20.169870376586914,reading-sitting
533075.037604,0.8537806868553162,19.612253189086914,reading-sitting
533075.045559,0.725854218006134,19.403921127319336,reading-sitting
533075.053646,0.7560042142868042,19.311925888061523,reading-sitting
533075.061591,0.6981751322746277,19.34012794494629,reading-sitting
533075.069591,0.7548306584358215,19.116268157958984,reading-sitting
533075.077921,0.6787174940109253,19.573888778686523,reading-sitting
533075.085609,0.8347025513648987,19.416006088256836,reading-sitting
533075.09403,0.6155555248260498,19.466142654418945,reading-sitting
533075.101647,0.8350938558578491,19.62590789794922,reading-sitting
533075.109766,0.7780325412750244,19.022602081298828,reading-sitting
533075.118606,0.7805739045143127,19.682514190673828,reading-sitting
533075.12795,0.6568421721458435,20.243309020996094,reading-sitting
533075.136512,0.7601783871650696,19.3708438873291,reading-sitting
533075.145883,0.7552744746208191,19.257108688354492,reading-sitting
533075.1549269999,0.7056310772895813,19.379085540771484,reading-sitting
533075.163173,0.7875545024871826,19.351961135864258,reading-sitting
533075.16943,0.7076868414878845,19.387826919555664,reading-sitting
533075.17791,0.6412925720214844,19.125566482543945,reading-sitting
533075.185342,0.8180858492851257,19.11692237854004,reading-sitting
533075.1928879999,0.8653482794761658,19.258792877197266,reading-sitting
533075.202022,0.74698406457901,19.36263084411621,reading-sitting
533075.211328,0.6441685557365417,19.393367767333984,reading-sitting
533075.217515,0.7973520159721375,19.264484405517578,reading-sitting
533075.224935,0.8741673827171326,19.560558319091797,reading-sitting
533075.231061,0.7791301012039185,19.50253677368164,reading-sitting
533075.237722,0.8392722010612488,19.568286895751953,reading-sitting
533075.245836,0.8214882016181946,19.43189239501953,reading-sitting
533075.253684,0.7667999863624573,19.637691497802734,reading-sitting
533075.261694,0.8647310137748718,19.66818618774414,reading-sitting
533075.269823,0.8658636212348938,19.582683563232422,reading-sitting
533075.277724,0.821254312992096,19.43402099609375,reading-sitting
533075.2856589999,0.8344129920005798,19.611486434936523,reading-sitting
533075.293638,0.691435694694519,19.680267333984375,reading-sitting
533075.3017589999,0.8323092460632324,19.880765914916992,reading-sitting
533075.309635,0.8083437085151672,19.600618362426758,reading-sitting
533075.317668,0.7264012098312378,19.15876579284668,reading-sitting
533075.326487,0.644384503364563,19.425411224365234,reading-sitting
533075.333776,0.639398455619812,19.371437072753906,reading-sitting
533075.342417,0.8166961073875427,19.389999389648438,reading-sitting
533075.350033,0.8349783420562744,19.861845016479492,reading-sitting
533075.357865,0.7571312189102173,19.30562973022461,reading-sitting
533075.367032,0.8348560929298401,19.421310424804688,reading-sitting
533075.376707,0.8664163947105408,19.620004653930664,reading-sitting
533075.385836,0.8893226981163025,19.669597625732422,reading-sitting
533075.395269,0.8647574782371521,19.377561569213867,reading-sitting
533075.401595,0.7140198349952698,19.673858642578125,reading-sitting
533075.409686,0.8707543611526489,19.925201416015625,reading-sitting
533075.417584,0.7566882967948914,19.34602928161621,reading-sitting
533075.425692,0.7551767826080322,19.139541625976562,reading-sitting
533075.434554,0.6993220448493958,20.679832458496094,reading-sitting
533075.442248,0.6698051801954686,17.532651901245117,reading-sitting
533075.455781,0.9533863663673401,20.098007202148438,reading-sitting
533075.464696,0.7310265302658081,19.408172607421875,reading-sitting
533075.473109,0.9203345775604248,19.40669822692871,reading-sitting
533075.4811869999,1.0,19.534109115600586,reading-sitting
533075.488898,0.7554831504821777,19.738582611083984,reading-sitting
533075.496718,0.7299257516860962,19.745655059814453,reading-sitting
533075.509154,0.8265149593353271,20.336624145507812,reading-sitting
533075.51383,0.7900060415267944,20.336036682128906,reading-sitting
533075.522117,0.8138610124588013,20.846832275390625,reading-sitting
533075.529583,0.7755928039550781,21.03077507019043,reading-sitting
533075.537775,0.755643904209137,20.61249542236328,reading-sitting
533075.546747,0.8011131882667542,21.041698455810547,reading-sitting
533075.554278,0.7464361190795898,21.341022491455078,reading-sitting
533075.561679,0.8763937950134277,21.1485538482666,reading-sitting
533075.570078,0.7997744083404541,21.69424819946289,reading-sitting
533075.579488,0.8009099364280701,21.37831687927246,reading-sitting
533075.585901,0.7791361212730408,21.375032424926758,reading-sitting
533075.593697,0.8110525012016296,20.866342544555664,reading-sitting
533075.6018139999,0.8623483180999756,21.26150894165039,reading-sitting
533075.609884,0.7965793609619141,21.364187240600586,reading-sitting
533075.61792,0.8421446084976196,21.240694046020508,reading-sitting
533075.625625,0.8898381590843201,21.136734008789062,reading-sitting
533075.634069,0.8464991450309753,20.59352684020996,reading-sitting
533075.642065,0.842120885848999,20.879348754882812,reading-sitting
533075.650605,0.8342522978782654,21.1143798828125,reading-sitting
533075.658721,0.8792462348937988,20.725353240966797,reading-sitting
533075.6665909999,0.7420799136161804,21.228782653808594,reading-sitting
533075.675548,0.8651451468467712,20.865373611450195,reading-sitting
533075.684496,0.7572290301322937,21.09640121459961,reading-sitting
533075.69359,0.846981942653656,20.490190505981445,reading-sitting
533075.7027489999,0.7423986196517944,20.152795791625977,reading-sitting
533075.710968,0.8310127854347229,20.038249969482422,reading-sitting
533075.718874,0.8085604310035706,20.183176040649414,reading-sitting
533075.7247039999,0.7841709852218628,20.599964141845703,reading-sitting
533075.732267,0.885595977306366,20.800504684448242,reading-sitting
533075.7404359999,0.8687241077423096,20.471696853637695,reading-sitting
533075.7484009999,0.8403534889221191,20.754945755004883,reading-sitting
533075.754155,0.6735647320747375,20.534656524658203,reading-sitting
533075.761606,0.7310858964920044,20.350454330444336,reading-sitting
533075.769719,0.8094061613082886,20.90024185180664,reading-sitting
533075.77779,0.7504297494888306,20.505407333374023,reading-sitting
533075.785801,0.8492093682289124,20.739431381225586,reading-sitting
533075.793846,0.7670322060585022,20.248817443847656,reading-sitting
533075.80316,0.7739250063896179,20.339576721191406,reading-sitting
533075.812472,0.7549166679382324,20.635704040527344,reading-sitting
533075.820329,0.7510666251182556,20.672914505004883,reading-sitting
533075.826093,0.8380597829818726,20.460018157958984,reading-sitting
533075.834717,0.9759153723716736,19.891244888305664,reading-sitting
533075.842502,0.8233636021614075,19.638906478881836,reading-sitting
533075.851369,0.9208875894546509,19.53550148010254,reading-sitting
533075.859017,0.8286024804117987,13.918682098388672,reading-sitting
533075.874494,0.99,11.023762702941895,reading-sitting
533075.880034,0.5411760807037354,10.745549201965332,reading-sitting
533075.887448,0.8201063275337219,10.628581047058105,reading-sitting
533075.89393,0.7240847945213318,11.919665336608887,reading-sitting
533075.901952,0.8857247829437256,10.45501708984375,reading-sitting
533075.911215,0.8752516508102417,10.6221342086792,reading-sitting
533075.919209,0.7300258874893188,11.578828811645508,reading-sitting
533075.9262849999,0.7725914120674133,11.107359886169434,reading-sitting
533075.935166,0.8815274834632874,11.341086387634277,reading-sitting
533075.942374,0.8248979449272156,10.907794952392578,reading-sitting
533075.949729,0.7414212226867676,10.383261680603027,reading-sitting
533075.957705,0.9220554828643799,10.589226722717285,reading-sitting
533075.965671,0.9144567251205444,10.73622989654541,reading-sitting
533075.973727,0.5848422646522522,10.471803665161133,reading-sitting
533075.981827,0.8393779993057251,10.444820404052734,reading-sitting
533075.989812,0.8740618228912354,10.646050453186035,reading-sitting
533075.998546,0.744908332824707,10.56301212310791,reading-sitting
533076.00592,0.8144115209579468,12.587434768676758,reading-sitting
533076.013918,0.6702457666397095,12.894338607788086,reading-sitting
533076.023167,0.8253657817840576,10.903044700622559,reading-sitting
533076.030781,0.8991168141365051,10.727912902832031,reading-sitting
533076.03904,0.8539708256721497,11.445072174072266,reading-sitting
533076.048927,0.743213415145874,12.915393829345703,reading-sitting
533076.056026,0.7194164395332336,13.268414497375488,reading-sitting
533076.065859,0.9223087430000305,12.910690307617188,reading-sitting
533076.073976,1.0,12.662371635437012,reading-sitting
533076.081376,0.6072573661804199,12.602489471435547,reading-sitting
533076.086926,0.7415382862091064,12.399730682373047,reading-sitting
533076.094723,0.6516633629798889,12.824273109436035,reading-sitting
533076.101827,0.8040493130683899,11.392504692077637,reading-sitting
533076.109905,0.7773838639259338,10.773042678833008,reading-sitting
533076.117751,0.7759366035461426,11.47512149810791,reading-sitting
533076.12737,0.9162734150886536,11.515148162841797,reading-sitting
533076.134977,0.47231999039649963,12.93106460571289,reading-sitting
533076.141817,0.5879819989204407,11.132002830505371,reading-sitting
533076.149648,0.8656047582626343,11.188278198242188,reading-sitting
533076.157819,0.573779284954071,11.301992416381836,reading-sitting
533076.165643,0.7406333684921265,11.813251495361328,reading-sitting
533076.173699,0.5499653816223145,12.873641014099121,reading-sitting
533076.1825229999,0.563827633857727,13.447269439697266,reading-sitting
533076.191519,0.6027629971504211,13.833061218261719,reading-sitting
533076.199954,0.5599882006645203,13.844910621643066,reading-sitting
533076.2070459999,0.4434455633163452,15.057944297790527,reading-sitting
533076.214788,0.39412233233451843,17.54202651977539,reading-sitting
533076.2218759999,0.99,19.467138290405273,reading-sitting
533076.23305,0.7879012227058411,20.532365798950195,reading-sitting
533076.2408179999,0.9153928160667419,21.243690490722656,reading-sitting
533076.247596,0.8619028925895691,22.03227424621582,reading-sitting
533076.254567,1.0,22.632038116455078,reading-sitting
533076.261752,0.859840452671051,23.033939361572266,reading-sitting
533076.269844,0.7829543948173523,23.03972625732422,reading-sitting
533076.277728,0.7625964283943176,23.535587310791016,reading-sitting
533076.285796,0.7233178615570068,23.078468322753906,reading-sitting
533076.293726,0.7682602405548096,23.069522857666016,reading-sitting
533076.302107,0.7183534502983093,23.752363204956055,reading-sitting
533076.3100139999,0.659508466720581,23.85066032409668,reading-sitting
533076.317845,0.7830774188041687,23.983631134033203,reading-sitting
533076.327021,0.652985692024231,23.715368270874023,reading-sitting
533076.337729,0.6851450204849243,24.093002319335938,reading-sitting
533076.346025,0.7425345182418823,24.128122329711914,reading-sitting
533076.354277,0.6268903017044067,24.106586456298828,reading-sitting
533076.361627,0.5765080451965332,23.907564163208008,reading-sitting
533076.369624,0.6379782557487488,24.548625946044922,reading-sitting
533076.377737,0.7365418672561646,24.478940963745117,reading-sitting
533076.385612,0.6907654404640198,25.087705612182617,reading-sitting
533076.39686,0.58403480052948,24.710590362548828,reading-sitting
533076.404184,0.6218437552452087,25.053590774536133,reading-sitting
533076.411629,0.5837647318840027,24.73259735107422,reading-sitting
533076.419629,0.6343096494674683,24.889732360839844,reading-sitting
533076.428171,0.7394291758537292,24.831985473632812,reading-sitting
533076.43663,0.6585363745689392,24.972658157348633,reading-sitting
533076.444312,0.5687023997306824,25.180130004882812,reading-sitting
533076.452509,0.7483748197555542,25.860862731933594,reading-sitting
533076.462071,0.6181342601776123,25.939937591552734,reading-sitting
533076.46885,0.607860267162323,25.823593139648438,reading-sitting
533076.476572,0.7057040929794312,25.69766616821289,reading-sitting
533076.483596,0.7151832580566406,25.816617965698242,reading-sitting
533076.490962,0.6046260595321655,25.618852615356445,reading-sitting
533076.498223,0.6511959433555603,25.46464729309082,reading-sitting
533076.505712,0.6920026540756226,25.10637092590332,reading-sitting
533076.514299,0.6199381947517395,25.453411102294922,reading-sitting
533076.522021,0.624982476234436,25.300458908081055,reading-sitting
533076.529699,0.7181875109672546,25.458532333374023,reading-sitting
533076.537618,0.5923036932945251,25.73335838317871,reading-sitting
533076.545691,0.6245937347412109,25.093639373779297,reading-sitting
533076.55391,0.6639161109924316,24.99774932861328,reading-sitting
533076.56169,0.5952921509742737,24.523944854736328,reading-sitting
533076.569615,0.6704682111740112,25.04144859313965,reading-sitting
533076.577806,0.6596118807792664,24.522968292236328,reading-sitting
533076.585589,0.5857446789741516,24.88004493713379,reading-sitting
533076.59385,0.6437551975250244,24.4231014251709,reading-sitting
533076.601884,0.5201971530914307,24.354215621948242,reading-sitting
533076.6114149999,0.5267553329467773,24.41282844543457,reading-sitting
533076.618227,0.6440380811691284,24.437549591064453,reading-sitting
533076.625799,0.6135590076446533,24.897668838500977,reading-sitting
533076.63474,0.6644898056983948,24.944412231445312,reading-sitting
533076.642127,0.5213637948036194,25.357532501220703,reading-sitting
533076.649691,0.614795982837677,25.175792694091797,reading-sitting
533076.6577549999,0.5273773670196533,25.66033172607422,reading-sitting
533076.665747,0.566670835018158,25.78421974182129,reading-sitting
533076.67412,0.6297463178634644,25.648530960083008,reading-sitting
533076.684343,0.5967966318130493,25.123931884765625,reading-sitting
533076.692625,0.575679361820221,25.577373504638672,reading-sitting
533076.699999,0.5556886792182922,24.87106704711914,reading-sitting
533076.7062039999,0.5519474744796753,25.013517379760742,reading-sitting
533076.714896,0.5065655708312988,25.09896469116211,reading-sitting
533076.722788,0.5940389037132263,25.61528205871582,reading-sitting
533076.731178,0.5339805483818054,25.487110137939453,reading-sitting
533076.73917,0.5640612840652466,25.2262020111084,reading-sitting
533076.746886,0.5777843594551086,25.383007049560547,reading-sitting
533076.7535999999,0.6393377780914307,25.622346878051758,reading-sitting
533076.761724,0.4844265282154083,25.7930850982666,reading-sitting
533076.769675,0.46820780634880066,25.67177391052246,reading-sitting
533076.7776949999,0.0,0.0,reading-sitting
533076.800928,0.99,18.7354679107666,reading-sitting
533076.812295,0.39328479766845703,18.84402084350586,reading-sitting
533076.815951,0.8641220331192017,20.788721084594727,reading-sitting
533076.821653,0.6183844208717346,22.49657440185547,reading-sitting
533076.829543,0.6909223794937134,22.333383560180664,reading-sitting
533076.837684,0.5332570672035217,23.381845474243164,reading-sitting
533076.845557,0.6456661820411682,23.621387481689453,reading-sitting
533076.853881,0.7456547021865845,23.735021591186523,reading-sitting
533076.863626,0.7413039803504944,23.49998664855957,reading-sitting
533076.8722549999,0.6926941275596619,23.905433654785156,reading-sitting
533076.879729,0.7273687124252319,23.695322036743164,reading-sitting
533076.887585,0.7793089747428894,23.780588150024414,reading-sitting
533076.895882,0.7487069368362427,24.000104904174805,reading-sitting
533076.9023879999,0.7541231513023376,23.82909393310547,reading-sitting
533076.909685,0.7460927963256836,24.019367218017578,reading-sitting
533076.9175399999,0.6606040596961975,23.99580955505371,reading-sitting
533076.925838,0.7395802140235901,24.258275985717773,reading-sitting
533076.934236,0.7398128509521484,23.983978271484375,reading-sitting
533076.943584,0.7062483429908752,24.13489532470703,reading-sitting
533076.951882,0.7073625922203064,24.28116226196289,reading-sitting
533076.959944,0.7481973171234131,24.37906265258789,reading-sitting
533076.96755,0.7108105421066284,24.116592407226562,reading-sitting
533076.975206,0.7621118426322937,23.782663345336914,reading-sitting
533076.984903,0.7888514399528503,23.717599868774414,reading-sitting
533076.993343,0.6955004930496216,23.703115463256836,reading-sitting
533077.002593,0.0,0.0,reading-sitting
533077.014902,0.0,0.0,reading-sitting
533077.024905,0.0,0.0,reading-sitting
533077.033974,0.0,0.0,reading-sitting
533077.052907,0.0,0.0,reading-sitting
533077.058299,0.0,0.0,reading-sitting
533077.081099,0.0,0.0,reading-sitting
533077.0950859999,0.0,0.0,reading-sitting
533077.1017369999,0.0,0.0,reading-sitting
533077.109951,0.9191417499122485,11.80288314819336,reading-sitting
533077.123031,0.7379999651391018,20.0015811920166,reading-sitting
533077.1385529999,0.760631263256073,20.346437454223633,reading-sitting
533077.146849,0.8134345412254333,20.616044998168945,reading-sitting
533077.15593,0.8473729491233826,20.699190139770508,reading-sitting
533077.1665759999,0.6714982986450195,21.03374481201172,reading-sitting
533077.173693,0.680914580821991,21.34507942199707,reading-sitting
533077.18166,0.856306254863739,21.490795135498047,reading-sitting
533077.189671,0.6433200836181641,21.90919303894043,reading-sitting
533077.19787,0.6898772716522217,21.342166900634766,reading-sitting
533077.205913,0.6243081092834473,21.042593002319336,reading-sitting
533077.214656,0.5789486169815063,21.3547306060791,reading-sitting
533077.2235579999,0.7874481081962585,21.651865005493164,reading-sitting
533077.232714,0.6750332117080688,21.798768997192383,reading-sitting
533077.240474,0.6037715673446655,21.606264114379883,reading-sitting
533077.2483709999,0.6937245726585388,20.71961784362793,reading-sitting
533077.255468,0.764247715473175,21.356163024902344,reading-sitting
533077.264129,0.7290107011795044,21.28080177307129,reading-sitting
533077.274127,0.7706900835037231,21.333660125732422,reading-sitting
533077.281597,0.7148205637931824,21.340511322021484,reading-sitting
533077.290024,0.6656206846237183,21.749303817749023,reading-sitting
533077.297549,0.8108171224594116,21.889665603637695,reading-sitting
533077.305614,0.7819094657897949,21.75510597229004,reading-sitting
533077.313749,0.8065539002418518,22.15536117553711,reading-sitting
533077.3219249999,0.7819175124168396,21.708316802978516,reading-sitting
533077.329577,0.7268791794776917,21.98594856262207,reading-sitting
533077.337697,0.8569386601448059,21.982711791992188,reading-sitting
533077.345694,1.0,21.71467399597168,reading-sitting
533077.354287,0.7518051266670227,22.086349487304688,reading-sitting
533077.3615679999,0.9557110667228699,21.78089714050293,reading-sitting
533077.370607,0.849103569984436,22.110675811767578,reading-sitting
533077.379573,0.8830125331878662,21.971511840820312,reading-sitting
533077.386804,0.9247649312019348,22.25475311279297,reading-sitting
533077.394992,1.0,21.707786560058594,reading-sitting
533077.403348,0.9070494174957275,22.326309204101562,reading-sitting
533077.4117919999,0.9603086113929749,22.51373291015625,reading-sitting
533077.418061,0.8508380651473999,22.533010482788086,reading-sitting
533077.426259,0.880245566368103,22.207040786743164,reading-sitting
533077.434696,0.923246443271637,22.07419776916504,reading-sitting
533077.443874,0.769590437412262,21.92439079284668,reading-sitting
533077.45203,0.9666942954063416,22.21866798400879,reading-sitting
533077.4603789999,0.8370448350906372,22.11075782775879,reading-sitting
533077.468597,0.8900266289710999,21.990055084228516,reading-sitting
533077.478035,0.9475218653678894,22.121801376342773,reading-sitting
533077.485312,0.962238073348999,22.435644149780273,reading-sitting
533077.493026,0.7689932584762573,22.65359115600586,reading-sitting
533077.5010609999,0.7489544749259949,21.958847045898438,reading-sitting
533077.5087369999,0.9078890681266785,21.788522720336914,reading-sitting
533077.518132,0.9223144054412842,21.601791381835938,reading-sitting
533077.524547,0.8702858090400696,22.036672592163086,reading-sitting
533077.529812,0.8502532243728638,22.048715591430664,reading-sitting
533077.53782,0.8997877240180969,21.61742401123047,reading-sitting
533077.546462,0.7849308848381042,22.250919342041016,reading-sitting
533077.553752,0.8715852499008179,21.958471298217773,reading-sitting
533077.561913,0.8508029580116272,21.59364128112793,reading-sitting
533077.570659,0.9109838008880615,22.256620407104492,reading-sitting
533077.577817,0.8380220532417297,21.672285079956055,reading-sitting
533077.585921,0.865405797958374,21.995817184448242,reading-sitting
533077.593614,0.9659677147865295,21.686782836914062,reading-sitting
533077.601741,0.9365410804748535,22.24355125427246,reading-sitting
533077.609692,0.9254114031791687,22.39800453186035,reading-sitting
533077.618213,0.9446338415145874,22.264650344848633,reading-sitting
533077.625844,0.8938812613487244,22.321857452392578,reading-sitting
533077.635579,0.9747897386550903,22.241716384887695,reading-sitting
533077.643451,0.709013044834137,22.20158576965332,reading-sitting
533077.651638,0.8948173522949219,22.39028549194336,reading-sitting
533077.6582739999,0.9625326991081238,22.423362731933594,reading-sitting
533077.666214,0.8910385370254517,22.626197814941406,reading-sitting
533077.6738089999,0.9457694292068481,22.51741600036621,reading-sitting
533077.682912,0.9387032985687256,22.609708786010742,reading-sitting
533077.691649,0.9100525379180908,23.040924072265625,reading-sitting
533077.699453,0.9604594111442566,22.542922973632812,reading-sitting
533077.705964,0.9464466571807861,22.445756912231445,reading-sitting
533077.713877,0.9250150322914124,22.693065643310547,reading-sitting
533077.722082,0.9235439300537109,22.536069869995117,reading-sitting
533077.729636,0.8381747007369995,22.63449478149414,reading-sitting
533077.741677,0.9460180997848511,22.709049224853516,reading-sitting
533077.749728,1.0,22.610057830810547,reading-sitting
533077.7580019999,0.9285127520561218,22.624528884887695,reading-sitting
533077.766069,1.0,22.64991569519043,reading-sitting
533077.773662,1.0,22.503456115722656,reading-sitting
533077.782469,0.9369788765907288,22.57343292236328,reading-sitting
533077.791848,0.829002857208252,22.7403621673584,reading-sitting
533077.800035,0.9059008359909058,22.886756896972656,reading-sitting
533077.807892,0.8961271047592163,22.680898666381836,reading-sitting
533077.816659,0.8978399038314819,22.391735076904297,reading-sitting
533077.8257159999,0.8665945529937744,22.918848037719727,reading-sitting
533077.83534,0.9528524279594421,22.65811538696289,reading-sitting
533077.84373,0.9923971891403198,22.642858505249023,reading-sitting
533077.8508809999,0.9023173451423645,22.395280838012695,reading-sitting
533077.85901,0.9980291724205017,22.639022827148438,reading-sitting
533077.865485,0.9329220652580261,22.911155700683594,reading-sitting
533077.872722,0.8981468081474304,21.814184188842773,reading-sitting
533077.8794259999,0.8015828728675842,22.286943435668945,reading-sitting
533077.886386,0.9019405841827393,22.680217742919922,reading-sitting
533077.894595,0.9533576965332031,22.553133010864258,reading-sitting
533077.902826,0.929336428642273,22.172021865844727,reading-sitting
533077.91004,0.858832061290741,22.64461326599121,reading-sitting
533077.9176009999,0.8705511093139648,22.810869216918945,reading-sitting
533077.926297,0.8612391352653503,22.286823272705078,reading-sitting
533077.9338229999,0.9269894957542419,22.60563087463379,reading-sitting
533077.942268,0.8676877021789551,22.5396785736084,reading-sitting
533077.949969,0.880031943321228,22.43645477294922,reading-sitting
533077.957824,0.8309710025787354,22.77218246459961,reading-sitting
533077.966171,0.9147077202796936,21.88132667541504,reading-sitting
533077.973851,1.0,22.749313354492188,reading-sitting
533077.981588,0.9451934695243835,22.660505294799805,reading-sitting
533077.989673,0.8262616991996765,22.889755249023438,reading-sitting
533077.997709,0.9345273375511169,22.786672592163086,reading-sitting
533078.00587,0.9741180539131165,22.687164306640625,reading-sitting
533078.0137519999,0.8866618871688843,22.542287826538086,reading-sitting
533078.022137,0.8428601026535034,22.697174072265625,reading-sitting
533078.030794,0.9185360670089722,22.37745475769043,reading-sitting
533078.038158,0.839653491973877,22.384136199951172,reading-sitting
533078.046021,0.8627282381057739,22.30638313293457,reading-sitting
533078.055674,0.8165857195854187,22.267873764038086,reading-sitting
533078.0635619999,0.9642041921615601,22.075937271118164,reading-sitting
533078.071528,0.9227073788642883,21.832664489746094,reading-sitting
533078.079282,1.0,22.089946746826172,reading-sitting
533078.087302,0.9040032625198364,22.57870101928711,reading-sitting
533078.096274,0.9220713973045349,22.550506591796875,reading-sitting
533078.10442,0.8540732264518738,22.584590911865234,reading-sitting
533078.112219,1.0,22.083236694335938,reading-sitting
533078.119882,0.9655892252922058,22.33377456665039,reading-sitting
533078.126325,0.8959894180297852,22.00653076171875,reading-sitting
533078.134285,0.8983015418052673,22.5364933013916,reading-sitting
533078.141662,0.9794370532035828,22.144182205200195,reading-sitting
533078.149602,0.9398375749588013,22.471477508544922,reading-sitting
533078.157735,0.9130035638809204,21.89061164855957,reading-sitting
533078.165655,0.9914306402206421,22.408235549926758,reading-sitting
533078.173898,0.9659608602523804,22.299348831176758,reading-sitting
533078.181696,0.8290917873382568,22.299768447875977,reading-sitting
533078.1905039999,0.8691730499267578,22.126998901367188,reading-sitting
533078.197768,0.8883388042449951,22.437442779541016,reading-sitting
533078.209802,0.9055602550506592,22.109695434570312,reading-sitting
533078.218442,0.9173169732093811,22.338401794433594,reading-sitting
533078.227008,0.8632193207740784,22.47958755493164,reading-sitting
533078.233744,0.9949774742126465,22.044912338256836,reading-sitting
533078.241585,0.9203705191612244,22.060230255126953,reading-sitting
533078.2496559999,0.7952548861503601,22.24017333984375,reading-sitting
533078.258832,0.8767725229263306,21.76351547241211,reading-sitting
